{
  "notices" : 123,
  "warnings" : 12,
  "errors" : 29,
  "name" : "Account Logout",
  "standard" : "WCAG2AA",
  "url" : "http://10.148.0.116/opencart/index.php?route=account/logout",
  "date" : "02 Jun 2020 19:25:45",
  "size" : "1360 X 613",
  "device" : "Laptop/Desktop",
  "browser" : "Chrome 83.0.4103.61",
  "reportID" : "d9dccf4a856a42ed9e0ce35784557a0f",
  "issues" : [ {
    "issueType" : 3,
    "issueCode" : "WCAG2AA.Principle2.Guideline2_4.2_4_2.H25.2",
    "issueTechniques" : [ "https://www.w3.org/TR/WCAG20-TECHS/H25" ],
    "issueTag" : "title",
    "issueId" : null,
    "issueMsg" : "Check that the title element describes the document.",
    "issueElement" : "<title>...</title>"
  }, {
    "issueType" : 3,
    "issueCode" : "WCAG2AA.Principle3.Guideline3_3.3_3_1.G83,G84,G85",
    "issueTechniques" : [ "https://www.w3.org/TR/WCAG20-TECHS/G83", "https://www.w3.org/TR/WCAG20-TECHS/G84", "https://www.w3.org/TR/WCAG20-TECHS/G85" ],
    "issueTag" : "form",
    "issueId" : null,
    "issueMsg" : "If an input error is automatically detected in this form, check that the item(s) in error are identified and the error(s) are described to the user in text.",
    "issueElement" : "<form action=\"http://10.148.0.116/opencart/index.php?route=common/currency/currency\" method=\"post\" enctype=\"multipart/form-data\" id=\"form-currency\">...</form>"
  }, {
    "issueType" : 3,
    "issueCode" : "WCAG2AA.Principle3.Guideline3_3.3_3_2.G131,G89,G184,H90",
    "issueTechniques" : [ "https://www.w3.org/TR/WCAG20-TECHS/G131", "https://www.w3.org/TR/WCAG20-TECHS/G89", "https://www.w3.org/TR/WCAG20-TECHS/G184", "https://www.w3.org/TR/WCAG20-TECHS/H90" ],
    "issueTag" : "form",
    "issueId" : null,
    "issueMsg" : "Check that descriptive labels or instructions (including for required fields) are provided for user input in this form.",
    "issueElement" : "<form action=\"http://10.148.0.116/opencart/index.php?route=common/currency/currency\" method=\"post\" enctype=\"multipart/form-data\" id=\"form-currency\">...</form>"
  }, {
    "issueType" : 3,
    "issueCode" : "WCAG2AA.Principle3.Guideline3_3.3_3_3.G177",
    "issueTechniques" : [ "https://www.w3.org/TR/WCAG20-TECHS/G177" ],
    "issueTag" : "form",
    "issueId" : null,
    "issueMsg" : "Check that this form provides suggested corrections to errors in user input, unless it would jeopardize the security or purpose of the content.",
    "issueElement" : "<form action=\"http://10.148.0.116/opencart/index.php?route=common/currency/currency\" method=\"post\" enctype=\"multipart/form-data\" id=\"form-currency\">...</form>"
  }, {
    "issueType" : 3,
    "issueCode" : "WCAG2AA.Principle3.Guideline3_3.3_3_4.G98,G99,G155,G164,G168.LegalForms",
    "issueTechniques" : [ "https://www.w3.org/TR/WCAG20-TECHS/G98", "https://www.w3.org/TR/WCAG20-TECHS/G99", "https://www.w3.org/TR/WCAG20-TECHS/G155", "https://www.w3.org/TR/WCAG20-TECHS/G164", "https://www.w3.org/TR/WCAG20-TECHS/G168" ],
    "issueTag" : "form",
    "issueId" : null,
    "issueMsg" : "If this form would bind a user to a financial or legal commitment, modify/delete user-controllable data, or submit test responses, ensure that submissions are either reversible, checked for input errors, and/or confirmed by the user.",
    "issueElement" : "<form action=\"http://10.148.0.116/opencart/index.php?route=common/currency/currency\" method=\"post\" enctype=\"multipart/form-data\" id=\"form-currency\">...</form>"
  }, {
    "issueType" : 3,
    "issueCode" : "WCAG2AA.Principle3.Guideline3_2.3_2_1.G107",
    "issueTechniques" : [ "https://www.w3.org/TR/WCAG20-TECHS/G107" ],
    "issueTag" : "button",
    "issueId" : null,
    "issueMsg" : "Check that a change of context does not occur when this input field receives focus.",
    "issueElement" : "<button class=\"btn btn-link dropdown-toggle\" data-toggle=\"dropdown\">...</button>"
  }, {
    "issueType" : 1,
    "issueCode" : "WCAG2AA.Principle1.Guideline1_4.1_4_3.G18.Fail",
    "issueTechniques" : [ "https://www.w3.org/TR/WCAG20-TECHS/G18" ],
    "issueTag" : "strong",
    "issueId" : null,
    "issueMsg" : "This element has insufficient contrast at this conformance level. Expected a contrast ratio of at least 4.5:1, but text in this element has a contrast ratio of 3.06:1. Recommendation:  change text colour to #6c6c6c.",
    "issueElement" : "<strong>...</strong>"
  }, {
    "issueType" : 1,
    "issueCode" : "WCAG2AA.Principle1.Guideline1_4.1_4_3.G18.Fail",
    "issueTechniques" : [ "https://www.w3.org/TR/WCAG20-TECHS/G18" ],
    "issueTag" : "span",
    "issueId" : null,
    "issueMsg" : "This element has insufficient contrast at this conformance level. Expected a contrast ratio of at least 4.5:1, but text in this element has a contrast ratio of 3.06:1. Recommendation:  change text colour to #6c6c6c.",
    "issueElement" : "<span class=\"hidden-xs hidden-sm hidden-md\">...</span>"
  }, {
    "issueType" : 3,
    "issueCode" : "WCAG2AA.Principle3.Guideline3_2.3_2_1.G107",
    "issueTechniques" : [ "https://www.w3.org/TR/WCAG20-TECHS/G107" ],
    "issueTag" : "button",
    "issueId" : null,
    "issueMsg" : "Check that a change of context does not occur when this input field receives focus.",
    "issueElement" : "<button class=\"currency-select btn btn-link btn-block\" type=\"button\" name=\"EUR\">...</button>"
  }, {
    "issueType" : 3,
    "issueCode" : "WCAG2AA.Principle3.Guideline3_2.3_2_1.G107",
    "issueTechniques" : [ "https://www.w3.org/TR/WCAG20-TECHS/G107" ],
    "issueTag" : "button",
    "issueId" : null,
    "issueMsg" : "Check that a change of context does not occur when this input field receives focus.",
    "issueElement" : "<button class=\"currency-select btn btn-link btn-block\" type=\"button\" name=\"GBP\">...</button>"
  }, {
    "issueType" : 3,
    "issueCode" : "WCAG2AA.Principle3.Guideline3_2.3_2_1.G107",
    "issueTechniques" : [ "https://www.w3.org/TR/WCAG20-TECHS/G107" ],
    "issueTag" : "button",
    "issueId" : null,
    "issueMsg" : "Check that a change of context does not occur when this input field receives focus.",
    "issueElement" : "<button class=\"currency-select btn btn-link btn-block\" type=\"button\" name=\"USD\">...</button>"
  }, {
    "issueType" : 3,
    "issueCode" : "WCAG2AA.Principle1.Guideline1_3.1_3_5.H98",
    "issueTechniques" : [ "https://www.w3.org/TR/WCAG20-TECHS/H98" ],
    "issueTag" : "input",
    "issueId" : null,
    "issueMsg" : "Check that the input field serves a purpose identified in the Input Purposes for User Interface Components section; and that the content is implemented using technologies with support for identifying the expected meaning for form input data.",
    "issueElement" : "<input type=\"hidden\" name=\"code\" value=\"\">"
  }, {
    "issueType" : 3,
    "issueCode" : "WCAG2AA.Principle3.Guideline3_2.3_2_1.G107",
    "issueTechniques" : [ "https://www.w3.org/TR/WCAG20-TECHS/G107" ],
    "issueTag" : "input",
    "issueId" : null,
    "issueMsg" : "Check that a change of context does not occur when this input field receives focus.",
    "issueElement" : "<input type=\"hidden\" name=\"code\" value=\"\">"
  }, {
    "issueType" : 3,
    "issueCode" : "WCAG2AA.Principle1.Guideline1_3.1_3_5.H98",
    "issueTechniques" : [ "https://www.w3.org/TR/WCAG20-TECHS/H98" ],
    "issueTag" : "input",
    "issueId" : null,
    "issueMsg" : "Check that the input field serves a purpose identified in the Input Purposes for User Interface Components section; and that the content is implemented using technologies with support for identifying the expected meaning for form input data.",
    "issueElement" : "<input type=\"hidden\" name=\"redirect\" value=\"http://10.148.0.116/opencart/index.php?route=account/logout\">"
  }, {
    "issueType" : 3,
    "issueCode" : "WCAG2AA.Principle3.Guideline3_2.3_2_1.G107",
    "issueTechniques" : [ "https://www.w3.org/TR/WCAG20-TECHS/G107" ],
    "issueTag" : "input",
    "issueId" : null,
    "issueMsg" : "Check that a change of context does not occur when this input field receives focus.",
    "issueElement" : "<input type=\"hidden\" name=\"redirect\" value=\"http://10.148.0.116/opencart/index.php?route=account/logout\">"
  }, {
    "issueType" : 1,
    "issueCode" : "WCAG2AA.Principle4.Guideline4_1.4_1_2.H91.A.NoContent",
    "issueTechniques" : [ "https://www.w3.org/TR/WCAG20-TECHS/H91" ],
    "issueTag" : "a",
    "issueId" : null,
    "issueMsg" : "Anchor element found with a valid href attribute, but no link content has been supplied.",
    "issueElement" : "<a href=\"http://10.148.0.116/opencart/index.php?route=information/contact\">...</a>"
  }, {
    "issueType" : 3,
    "issueCode" : "WCAG2AA.Principle2.Guideline2_4.2_4_4.H77,H78,H79,H80,H81",
    "issueTechniques" : [ "https://www.w3.org/TR/WCAG20-TECHS/H77", "https://www.w3.org/TR/WCAG20-TECHS/H78", "https://www.w3.org/TR/WCAG20-TECHS/H79", "https://www.w3.org/TR/WCAG20-TECHS/H80", "https://www.w3.org/TR/WCAG20-TECHS/H81" ],
    "issueTag" : "a",
    "issueId" : null,
    "issueMsg" : "Check that the link text combined with programmatically determined link context identifies the purpose of the link.",
    "issueElement" : "<a href=\"http://10.148.0.116/opencart/index.php?route=information/contact\">...</a>"
  }, {
    "issueType" : 1,
    "issueCode" : "WCAG2AA.Principle1.Guideline1_4.1_4_3.G18.Fail",
    "issueTechniques" : [ "https://www.w3.org/TR/WCAG20-TECHS/G18" ],
    "issueTag" : "span",
    "issueId" : null,
    "issueMsg" : "This element has insufficient contrast at this conformance level. Expected a contrast ratio of at least 4.5:1, but text in this element has a contrast ratio of 3.06:1. Recommendation:  change text colour to #6c6c6c.",
    "issueElement" : "<span class=\"hidden-xs hidden-sm hidden-md\">...</span>"
  }, {
    "issueType" : 3,
    "issueCode" : "WCAG2AA.Principle2.Guideline2_4.2_4_4.H77,H78,H79,H80,H81,H33",
    "issueTechniques" : [ "https://www.w3.org/TR/WCAG20-TECHS/H77", "https://www.w3.org/TR/WCAG20-TECHS/H78", "https://www.w3.org/TR/WCAG20-TECHS/H79", "https://www.w3.org/TR/WCAG20-TECHS/H80", "https://www.w3.org/TR/WCAG20-TECHS/H81", "https://www.w3.org/TR/WCAG20-TECHS/H33" ],
    "issueTag" : "a",
    "issueId" : null,
    "issueMsg" : "Check that the link text combined with programmatically determined link context, or its title attribute, identifies the purpose of the link.",
    "issueElement" : "<a href=\"http://10.148.0.116/opencart/index.php?route=account/account\" title=\"My Account\" class=\"dropdown-toggle\" data-toggle=\"dropdown\">...</a>"
  }, {
    "issueType" : 1,
    "issueCode" : "WCAG2AA.Principle1.Guideline1_4.1_4_3.G18.Fail",
    "issueTechniques" : [ "https://www.w3.org/TR/WCAG20-TECHS/G18" ],
    "issueTag" : "span",
    "issueId" : null,
    "issueMsg" : "This element has insufficient contrast at this conformance level. Expected a contrast ratio of at least 4.5:1, but text in this element has a contrast ratio of 3.06:1. Recommendation:  change text colour to #6c6c6c.",
    "issueElement" : "<span class=\"hidden-xs hidden-sm hidden-md\">...</span>"
  }, {
    "issueType" : 3,
    "issueCode" : "WCAG2AA.Principle2.Guideline2_4.2_4_4.H77,H78,H79,H80,H81",
    "issueTechniques" : [ "https://www.w3.org/TR/WCAG20-TECHS/H77", "https://www.w3.org/TR/WCAG20-TECHS/H78", "https://www.w3.org/TR/WCAG20-TECHS/H79", "https://www.w3.org/TR/WCAG20-TECHS/H80", "https://www.w3.org/TR/WCAG20-TECHS/H81" ],
    "issueTag" : "a",
    "issueId" : null,
    "issueMsg" : "Check that the link text combined with programmatically determined link context identifies the purpose of the link.",
    "issueElement" : "<a href=\"http://10.148.0.116/opencart/index.php?route=account/register\">...</a>"
  }, {
    "issueType" : 3,
    "issueCode" : "WCAG2AA.Principle2.Guideline2_4.2_4_4.H77,H78,H79,H80,H81",
    "issueTechniques" : [ "https://www.w3.org/TR/WCAG20-TECHS/H77", "https://www.w3.org/TR/WCAG20-TECHS/H78", "https://www.w3.org/TR/WCAG20-TECHS/H79", "https://www.w3.org/TR/WCAG20-TECHS/H80", "https://www.w3.org/TR/WCAG20-TECHS/H81" ],
    "issueTag" : "a",
    "issueId" : null,
    "issueMsg" : "Check that the link text combined with programmatically determined link context identifies the purpose of the link.",
    "issueElement" : "<a href=\"http://10.148.0.116/opencart/index.php?route=account/login\">...</a>"
  }, {
    "issueType" : 3,
    "issueCode" : "WCAG2AA.Principle2.Guideline2_4.2_4_4.H77,H78,H79,H80,H81,H33",
    "issueTechniques" : [ "https://www.w3.org/TR/WCAG20-TECHS/H77", "https://www.w3.org/TR/WCAG20-TECHS/H78", "https://www.w3.org/TR/WCAG20-TECHS/H79", "https://www.w3.org/TR/WCAG20-TECHS/H80", "https://www.w3.org/TR/WCAG20-TECHS/H81", "https://www.w3.org/TR/WCAG20-TECHS/H33" ],
    "issueTag" : "a",
    "issueId" : null,
    "issueMsg" : "Check that the link text combined with programmatically determined link context, or its title attribute, identifies the purpose of the link.",
    "issueElement" : "<a href=\"http://10.148.0.116/opencart/index.php?route=account/wishlist\" id=\"wishlist-total\" title=\"Wish List (0)\">...</a>"
  }, {
    "issueType" : 1,
    "issueCode" : "WCAG2AA.Principle1.Guideline1_4.1_4_3.G18.Fail",
    "issueTechniques" : [ "https://www.w3.org/TR/WCAG20-TECHS/G18" ],
    "issueTag" : "span",
    "issueId" : null,
    "issueMsg" : "This element has insufficient contrast at this conformance level. Expected a contrast ratio of at least 4.5:1, but text in this element has a contrast ratio of 3.06:1. Recommendation:  change text colour to #6c6c6c.",
    "issueElement" : "<span class=\"hidden-xs hidden-sm hidden-md\">...</span>"
  }, {
    "issueType" : 3,
    "issueCode" : "WCAG2AA.Principle2.Guideline2_4.2_4_4.H77,H78,H79,H80,H81,H33",
    "issueTechniques" : [ "https://www.w3.org/TR/WCAG20-TECHS/H77", "https://www.w3.org/TR/WCAG20-TECHS/H78", "https://www.w3.org/TR/WCAG20-TECHS/H79", "https://www.w3.org/TR/WCAG20-TECHS/H80", "https://www.w3.org/TR/WCAG20-TECHS/H81", "https://www.w3.org/TR/WCAG20-TECHS/H33" ],
    "issueTag" : "a",
    "issueId" : null,
    "issueMsg" : "Check that the link text combined with programmatically determined link context, or its title attribute, identifies the purpose of the link.",
    "issueElement" : "<a href=\"http://10.148.0.116/opencart/index.php?route=checkout/cart\" title=\"Shopping Cart\">...</a>"
  }, {
    "issueType" : 1,
    "issueCode" : "WCAG2AA.Principle1.Guideline1_4.1_4_3.G18.Fail",
    "issueTechniques" : [ "https://www.w3.org/TR/WCAG20-TECHS/G18" ],
    "issueTag" : "span",
    "issueId" : null,
    "issueMsg" : "This element has insufficient contrast at this conformance level. Expected a contrast ratio of at least 4.5:1, but text in this element has a contrast ratio of 3.06:1. Recommendation:  change text colour to #6c6c6c.",
    "issueElement" : "<span class=\"hidden-xs hidden-sm hidden-md\">...</span>"
  }, {
    "issueType" : 3,
    "issueCode" : "WCAG2AA.Principle2.Guideline2_4.2_4_4.H77,H78,H79,H80,H81,H33",
    "issueTechniques" : [ "https://www.w3.org/TR/WCAG20-TECHS/H77", "https://www.w3.org/TR/WCAG20-TECHS/H78", "https://www.w3.org/TR/WCAG20-TECHS/H79", "https://www.w3.org/TR/WCAG20-TECHS/H80", "https://www.w3.org/TR/WCAG20-TECHS/H81", "https://www.w3.org/TR/WCAG20-TECHS/H33" ],
    "issueTag" : "a",
    "issueId" : null,
    "issueMsg" : "Check that the link text combined with programmatically determined link context, or its title attribute, identifies the purpose of the link.",
    "issueElement" : "<a href=\"http://10.148.0.116/opencart/index.php?route=checkout/checkout\" title=\"Checkout\">...</a>"
  }, {
    "issueType" : 1,
    "issueCode" : "WCAG2AA.Principle1.Guideline1_4.1_4_3.G18.Fail",
    "issueTechniques" : [ "https://www.w3.org/TR/WCAG20-TECHS/G18" ],
    "issueTag" : "span",
    "issueId" : null,
    "issueMsg" : "This element has insufficient contrast at this conformance level. Expected a contrast ratio of at least 4.5:1, but text in this element has a contrast ratio of 3.06:1. Recommendation:  change text colour to #6c6c6c.",
    "issueElement" : "<span class=\"hidden-xs hidden-sm hidden-md\">...</span>"
  }, {
    "issueType" : 1,
    "issueCode" : "WCAG2AA.Principle1.Guideline1_4.1_4_3.G145.Fail",
    "issueTechniques" : [ "https://www.w3.org/TR/WCAG20-TECHS/G145" ],
    "issueTag" : "a",
    "issueId" : null,
    "issueMsg" : "This element has insufficient contrast at this conformance level. Expected a contrast ratio of at least 3:1, but text in this element has a contrast ratio of 2.96:1. Recommendation:  change text colour to #219fcf.",
    "issueElement" : "<a href=\"http://10.148.0.116/opencart/index.php?route=common/home\">...</a>"
  }, {
    "issueType" : 3,
    "issueCode" : "WCAG2AA.Principle2.Guideline2_4.2_4_4.H77,H78,H79,H80,H81",
    "issueTechniques" : [ "https://www.w3.org/TR/WCAG20-TECHS/H77", "https://www.w3.org/TR/WCAG20-TECHS/H78", "https://www.w3.org/TR/WCAG20-TECHS/H79", "https://www.w3.org/TR/WCAG20-TECHS/H80", "https://www.w3.org/TR/WCAG20-TECHS/H81" ],
    "issueTag" : "a",
    "issueId" : null,
    "issueMsg" : "Check that the link text combined with programmatically determined link context identifies the purpose of the link.",
    "issueElement" : "<a href=\"http://10.148.0.116/opencart/index.php?route=common/home\">...</a>"
  }, {
    "issueType" : 1,
    "issueCode" : "WCAG2AA.Principle4.Guideline4_1.4_1_2.H91.InputText.Name",
    "issueTechniques" : [ "https://www.w3.org/TR/WCAG20-TECHS/H91" ],
    "issueTag" : "input",
    "issueId" : null,
    "issueMsg" : "This textinput element does not have a name available to an accessibility API. Valid names are: label element, title undefined, aria-label undefined, aria-labelledby undefined.",
    "issueElement" : "<input type=\"text\" name=\"search\" value=\"\" placeholder=\"Search\" class=\"form-control input-lg\">"
  }, {
    "issueType" : 1,
    "issueCode" : "WCAG2AA.Principle1.Guideline1_3.1_3_1.F68",
    "issueTechniques" : [ "https://www.w3.org/TR/WCAG20-TECHS/F68" ],
    "issueTag" : "input",
    "issueId" : null,
    "issueMsg" : "This form field should be labelled in some way. Use the label element (either with a \"for\" attribute or wrapped around the form field), or \"title\", \"aria-label\" or \"aria-labelledby\" attributes as appropriate.",
    "issueElement" : "<input type=\"text\" name=\"search\" value=\"\" placeholder=\"Search\" class=\"form-control input-lg\">"
  }, {
    "issueType" : 3,
    "issueCode" : "WCAG2AA.Principle1.Guideline1_3.1_3_5.H98",
    "issueTechniques" : [ "https://www.w3.org/TR/WCAG20-TECHS/H98" ],
    "issueTag" : "input",
    "issueId" : null,
    "issueMsg" : "Check that the input field serves a purpose identified in the Input Purposes for User Interface Components section; and that the content is implemented using technologies with support for identifying the expected meaning for form input data.",
    "issueElement" : "<input type=\"text\" name=\"search\" value=\"\" placeholder=\"Search\" class=\"form-control input-lg\">"
  }, {
    "issueType" : 3,
    "issueCode" : "WCAG2AA.Principle1.Guideline1_3.1_3_5.H98",
    "issueTechniques" : [ "https://www.w3.org/TR/WCAG20-TECHS/H98" ],
    "issueTag" : "input",
    "issueId" : null,
    "issueMsg" : "This element does not have an autocomplete attribute. If this field collects information about the user, consider adding one to comply with this Success Criterion.",
    "issueElement" : "<input type=\"text\" name=\"search\" value=\"\" placeholder=\"Search\" class=\"form-control input-lg\">"
  }, {
    "issueType" : 3,
    "issueCode" : "WCAG2AA.Principle3.Guideline3_2.3_2_1.G107",
    "issueTechniques" : [ "https://www.w3.org/TR/WCAG20-TECHS/G107" ],
    "issueTag" : "input",
    "issueId" : null,
    "issueMsg" : "Check that a change of context does not occur when this input field receives focus.",
    "issueElement" : "<input type=\"text\" name=\"search\" value=\"\" placeholder=\"Search\" class=\"form-control input-lg\">"
  }, {
    "issueType" : 1,
    "issueCode" : "WCAG2AA.Principle4.Guideline4_1.4_1_2.H91.Button.Name",
    "issueTechniques" : [ "https://www.w3.org/TR/WCAG20-TECHS/H91" ],
    "issueTag" : "button",
    "issueId" : null,
    "issueMsg" : "This button element does not have a name available to an accessibility API. Valid names are: title undefined, element content, aria-label undefined, aria-labelledby undefined.",
    "issueElement" : "<button type=\"button\" class=\"btn btn-default btn-lg\">...</button>"
  }, {
    "issueType" : 3,
    "issueCode" : "WCAG2AA.Principle3.Guideline3_2.3_2_1.G107",
    "issueTechniques" : [ "https://www.w3.org/TR/WCAG20-TECHS/G107" ],
    "issueTag" : "button",
    "issueId" : null,
    "issueMsg" : "Check that a change of context does not occur when this input field receives focus.",
    "issueElement" : "<button type=\"button\" class=\"btn btn-default btn-lg\">...</button>"
  }, {
    "issueType" : 3,
    "issueCode" : "WCAG2AA.Principle3.Guideline3_2.3_2_1.G107",
    "issueTechniques" : [ "https://www.w3.org/TR/WCAG20-TECHS/G107" ],
    "issueTag" : "button",
    "issueId" : null,
    "issueMsg" : "Check that a change of context does not occur when this input field receives focus.",
    "issueElement" : "<button type=\"button\" data-toggle=\"dropdown\" data-loading-text=\"Loading...\" class=\"btn btn-inverse btn-block btn-lg dropdown-toggle\">...</button>"
  }, {
    "issueType" : 2,
    "issueCode" : "WCAG2AA.Principle1.Guideline1_4.1_4_3.G18.BgImage",
    "issueTechniques" : [ "https://www.w3.org/TR/WCAG20-TECHS/G18" ],
    "issueTag" : "span",
    "issueId" : null,
    "issueMsg" : "This element's text is placed on a background image. Ensure the contrast ratio between the text and all covered parts of the image are at least 4.5:1.",
    "issueElement" : "<span id=\"cart-total\">...</span>"
  }, {
    "issueType" : 1,
    "issueCode" : "WCAG2AA.Principle4.Guideline4_1.4_1_2.H91.Button.Name",
    "issueTechniques" : [ "https://www.w3.org/TR/WCAG20-TECHS/H91" ],
    "issueTag" : "button",
    "issueId" : null,
    "issueMsg" : "This button element does not have a name available to an accessibility API. Valid names are: title undefined, element content, aria-label undefined, aria-labelledby undefined.",
    "issueElement" : "<button type=\"button\" class=\"btn btn-navbar navbar-toggle\" data-toggle=\"collapse\" data-target=\".navbar-ex1-collapse\">...</button>"
  }, {
    "issueType" : 3,
    "issueCode" : "WCAG2AA.Principle3.Guideline3_2.3_2_1.G107",
    "issueTechniques" : [ "https://www.w3.org/TR/WCAG20-TECHS/G107" ],
    "issueTag" : "button",
    "issueId" : null,
    "issueMsg" : "Check that a change of context does not occur when this input field receives focus.",
    "issueElement" : "<button type=\"button\" class=\"btn btn-navbar navbar-toggle\" data-toggle=\"collapse\" data-target=\".navbar-ex1-collapse\">...</button>"
  }, {
    "issueType" : 2,
    "issueCode" : "WCAG2AA.Principle1.Guideline1_4.1_4_3.G18.BgImage",
    "issueTechniques" : [ "https://www.w3.org/TR/WCAG20-TECHS/G18" ],
    "issueTag" : "a",
    "issueId" : null,
    "issueMsg" : "This element's text is placed on a background image. Ensure the contrast ratio between the text and all covered parts of the image are at least 4.5:1.",
    "issueElement" : "<a href=\"http://10.148.0.116/opencart/index.php?route=product/category&amp;path=20\" class=\"dropdown-toggle\" data-toggle=\"dropdown\">...</a>"
  }, {
    "issueType" : 3,
    "issueCode" : "WCAG2AA.Principle2.Guideline2_4.2_4_4.H77,H78,H79,H80,H81",
    "issueTechniques" : [ "https://www.w3.org/TR/WCAG20-TECHS/H77", "https://www.w3.org/TR/WCAG20-TECHS/H78", "https://www.w3.org/TR/WCAG20-TECHS/H79", "https://www.w3.org/TR/WCAG20-TECHS/H80", "https://www.w3.org/TR/WCAG20-TECHS/H81" ],
    "issueTag" : "a",
    "issueId" : null,
    "issueMsg" : "Check that the link text combined with programmatically determined link context identifies the purpose of the link.",
    "issueElement" : "<a href=\"http://10.148.0.116/opencart/index.php?route=product/category&amp;path=20\" class=\"dropdown-toggle\" data-toggle=\"dropdown\">...</a>"
  }, {
    "issueType" : 3,
    "issueCode" : "WCAG2AA.Principle2.Guideline2_4.2_4_4.H77,H78,H79,H80,H81",
    "issueTechniques" : [ "https://www.w3.org/TR/WCAG20-TECHS/H77", "https://www.w3.org/TR/WCAG20-TECHS/H78", "https://www.w3.org/TR/WCAG20-TECHS/H79", "https://www.w3.org/TR/WCAG20-TECHS/H80", "https://www.w3.org/TR/WCAG20-TECHS/H81" ],
    "issueTag" : "a",
    "issueId" : null,
    "issueMsg" : "Check that the link text combined with programmatically determined link context identifies the purpose of the link.",
    "issueElement" : "<a href=\"http://10.148.0.116/opencart/index.php?route=product/category&amp;path=20_26\">...</a>"
  }, {
    "issueType" : 3,
    "issueCode" : "WCAG2AA.Principle2.Guideline2_4.2_4_4.H77,H78,H79,H80,H81",
    "issueTechniques" : [ "https://www.w3.org/TR/WCAG20-TECHS/H77", "https://www.w3.org/TR/WCAG20-TECHS/H78", "https://www.w3.org/TR/WCAG20-TECHS/H79", "https://www.w3.org/TR/WCAG20-TECHS/H80", "https://www.w3.org/TR/WCAG20-TECHS/H81" ],
    "issueTag" : "a",
    "issueId" : null,
    "issueMsg" : "Check that the link text combined with programmatically determined link context identifies the purpose of the link.",
    "issueElement" : "<a href=\"http://10.148.0.116/opencart/index.php?route=product/category&amp;path=20_27\">...</a>"
  }, {
    "issueType" : 3,
    "issueCode" : "WCAG2AA.Principle2.Guideline2_4.2_4_4.H77,H78,H79,H80,H81",
    "issueTechniques" : [ "https://www.w3.org/TR/WCAG20-TECHS/H77", "https://www.w3.org/TR/WCAG20-TECHS/H78", "https://www.w3.org/TR/WCAG20-TECHS/H79", "https://www.w3.org/TR/WCAG20-TECHS/H80", "https://www.w3.org/TR/WCAG20-TECHS/H81" ],
    "issueTag" : "a",
    "issueId" : null,
    "issueMsg" : "Check that the link text combined with programmatically determined link context identifies the purpose of the link.",
    "issueElement" : "<a href=\"http://10.148.0.116/opencart/index.php?route=product/category&amp;path=20\" class=\"see-all\">...</a>"
  }, {
    "issueType" : 2,
    "issueCode" : "WCAG2AA.Principle1.Guideline1_4.1_4_3.G18.BgImage",
    "issueTechniques" : [ "https://www.w3.org/TR/WCAG20-TECHS/G18" ],
    "issueTag" : "a",
    "issueId" : null,
    "issueMsg" : "This element's text is placed on a background image. Ensure the contrast ratio between the text and all covered parts of the image are at least 4.5:1.",
    "issueElement" : "<a href=\"http://10.148.0.116/opencart/index.php?route=product/category&amp;path=18\" class=\"dropdown-toggle\" data-toggle=\"dropdown\">...</a>"
  }, {
    "issueType" : 3,
    "issueCode" : "WCAG2AA.Principle2.Guideline2_4.2_4_4.H77,H78,H79,H80,H81",
    "issueTechniques" : [ "https://www.w3.org/TR/WCAG20-TECHS/H77", "https://www.w3.org/TR/WCAG20-TECHS/H78", "https://www.w3.org/TR/WCAG20-TECHS/H79", "https://www.w3.org/TR/WCAG20-TECHS/H80", "https://www.w3.org/TR/WCAG20-TECHS/H81" ],
    "issueTag" : "a",
    "issueId" : null,
    "issueMsg" : "Check that the link text combined with programmatically determined link context identifies the purpose of the link.",
    "issueElement" : "<a href=\"http://10.148.0.116/opencart/index.php?route=product/category&amp;path=18\" class=\"dropdown-toggle\" data-toggle=\"dropdown\">...</a>"
  }, {
    "issueType" : 3,
    "issueCode" : "WCAG2AA.Principle2.Guideline2_4.2_4_4.H77,H78,H79,H80,H81",
    "issueTechniques" : [ "https://www.w3.org/TR/WCAG20-TECHS/H77", "https://www.w3.org/TR/WCAG20-TECHS/H78", "https://www.w3.org/TR/WCAG20-TECHS/H79", "https://www.w3.org/TR/WCAG20-TECHS/H80", "https://www.w3.org/TR/WCAG20-TECHS/H81" ],
    "issueTag" : "a",
    "issueId" : null,
    "issueMsg" : "Check that the link text combined with programmatically determined link context identifies the purpose of the link.",
    "issueElement" : "<a href=\"http://10.148.0.116/opencart/index.php?route=product/category&amp;path=18_46\">...</a>"
  }, {
    "issueType" : 3,
    "issueCode" : "WCAG2AA.Principle2.Guideline2_4.2_4_4.H77,H78,H79,H80,H81",
    "issueTechniques" : [ "https://www.w3.org/TR/WCAG20-TECHS/H77", "https://www.w3.org/TR/WCAG20-TECHS/H78", "https://www.w3.org/TR/WCAG20-TECHS/H79", "https://www.w3.org/TR/WCAG20-TECHS/H80", "https://www.w3.org/TR/WCAG20-TECHS/H81" ],
    "issueTag" : "a",
    "issueId" : null,
    "issueMsg" : "Check that the link text combined with programmatically determined link context identifies the purpose of the link.",
    "issueElement" : "<a href=\"http://10.148.0.116/opencart/index.php?route=product/category&amp;path=18_45\">...</a>"
  }, {
    "issueType" : 3,
    "issueCode" : "WCAG2AA.Principle2.Guideline2_4.2_4_4.H77,H78,H79,H80,H81",
    "issueTechniques" : [ "https://www.w3.org/TR/WCAG20-TECHS/H77", "https://www.w3.org/TR/WCAG20-TECHS/H78", "https://www.w3.org/TR/WCAG20-TECHS/H79", "https://www.w3.org/TR/WCAG20-TECHS/H80", "https://www.w3.org/TR/WCAG20-TECHS/H81" ],
    "issueTag" : "a",
    "issueId" : null,
    "issueMsg" : "Check that the link text combined with programmatically determined link context identifies the purpose of the link.",
    "issueElement" : "<a href=\"http://10.148.0.116/opencart/index.php?route=product/category&amp;path=18\" class=\"see-all\">...</a>"
  }, {
    "issueType" : 2,
    "issueCode" : "WCAG2AA.Principle1.Guideline1_4.1_4_3.G18.BgImage",
    "issueTechniques" : [ "https://www.w3.org/TR/WCAG20-TECHS/G18" ],
    "issueTag" : "a",
    "issueId" : null,
    "issueMsg" : "This element's text is placed on a background image. Ensure the contrast ratio between the text and all covered parts of the image are at least 4.5:1.",
    "issueElement" : "<a href=\"http://10.148.0.116/opencart/index.php?route=product/category&amp;path=25\" class=\"dropdown-toggle\" data-toggle=\"dropdown\">...</a>"
  }, {
    "issueType" : 3,
    "issueCode" : "WCAG2AA.Principle2.Guideline2_4.2_4_4.H77,H78,H79,H80,H81",
    "issueTechniques" : [ "https://www.w3.org/TR/WCAG20-TECHS/H77", "https://www.w3.org/TR/WCAG20-TECHS/H78", "https://www.w3.org/TR/WCAG20-TECHS/H79", "https://www.w3.org/TR/WCAG20-TECHS/H80", "https://www.w3.org/TR/WCAG20-TECHS/H81" ],
    "issueTag" : "a",
    "issueId" : null,
    "issueMsg" : "Check that the link text combined with programmatically determined link context identifies the purpose of the link.",
    "issueElement" : "<a href=\"http://10.148.0.116/opencart/index.php?route=product/category&amp;path=25\" class=\"dropdown-toggle\" data-toggle=\"dropdown\">...</a>"
  }, {
    "issueType" : 3,
    "issueCode" : "WCAG2AA.Principle2.Guideline2_4.2_4_4.H77,H78,H79,H80,H81",
    "issueTechniques" : [ "https://www.w3.org/TR/WCAG20-TECHS/H77", "https://www.w3.org/TR/WCAG20-TECHS/H78", "https://www.w3.org/TR/WCAG20-TECHS/H79", "https://www.w3.org/TR/WCAG20-TECHS/H80", "https://www.w3.org/TR/WCAG20-TECHS/H81" ],
    "issueTag" : "a",
    "issueId" : null,
    "issueMsg" : "Check that the link text combined with programmatically determined link context identifies the purpose of the link.",
    "issueElement" : "<a href=\"http://10.148.0.116/opencart/index.php?route=product/category&amp;path=25_29\">...</a>"
  }, {
    "issueType" : 3,
    "issueCode" : "WCAG2AA.Principle2.Guideline2_4.2_4_4.H77,H78,H79,H80,H81",
    "issueTechniques" : [ "https://www.w3.org/TR/WCAG20-TECHS/H77", "https://www.w3.org/TR/WCAG20-TECHS/H78", "https://www.w3.org/TR/WCAG20-TECHS/H79", "https://www.w3.org/TR/WCAG20-TECHS/H80", "https://www.w3.org/TR/WCAG20-TECHS/H81" ],
    "issueTag" : "a",
    "issueId" : null,
    "issueMsg" : "Check that the link text combined with programmatically determined link context identifies the purpose of the link.",
    "issueElement" : "<a href=\"http://10.148.0.116/opencart/index.php?route=product/category&amp;path=25_28\">...</a>"
  }, {
    "issueType" : 3,
    "issueCode" : "WCAG2AA.Principle2.Guideline2_4.2_4_4.H77,H78,H79,H80,H81",
    "issueTechniques" : [ "https://www.w3.org/TR/WCAG20-TECHS/H77", "https://www.w3.org/TR/WCAG20-TECHS/H78", "https://www.w3.org/TR/WCAG20-TECHS/H79", "https://www.w3.org/TR/WCAG20-TECHS/H80", "https://www.w3.org/TR/WCAG20-TECHS/H81" ],
    "issueTag" : "a",
    "issueId" : null,
    "issueMsg" : "Check that the link text combined with programmatically determined link context identifies the purpose of the link.",
    "issueElement" : "<a href=\"http://10.148.0.116/opencart/index.php?route=product/category&amp;path=25_30\">...</a>"
  }, {
    "issueType" : 3,
    "issueCode" : "WCAG2AA.Principle2.Guideline2_4.2_4_4.H77,H78,H79,H80,H81",
    "issueTechniques" : [ "https://www.w3.org/TR/WCAG20-TECHS/H77", "https://www.w3.org/TR/WCAG20-TECHS/H78", "https://www.w3.org/TR/WCAG20-TECHS/H79", "https://www.w3.org/TR/WCAG20-TECHS/H80", "https://www.w3.org/TR/WCAG20-TECHS/H81" ],
    "issueTag" : "a",
    "issueId" : null,
    "issueMsg" : "Check that the link text combined with programmatically determined link context identifies the purpose of the link.",
    "issueElement" : "<a href=\"http://10.148.0.116/opencart/index.php?route=product/category&amp;path=25_31\">...</a>"
  }, {
    "issueType" : 3,
    "issueCode" : "WCAG2AA.Principle2.Guideline2_4.2_4_4.H77,H78,H79,H80,H81",
    "issueTechniques" : [ "https://www.w3.org/TR/WCAG20-TECHS/H77", "https://www.w3.org/TR/WCAG20-TECHS/H78", "https://www.w3.org/TR/WCAG20-TECHS/H79", "https://www.w3.org/TR/WCAG20-TECHS/H80", "https://www.w3.org/TR/WCAG20-TECHS/H81" ],
    "issueTag" : "a",
    "issueId" : null,
    "issueMsg" : "Check that the link text combined with programmatically determined link context identifies the purpose of the link.",
    "issueElement" : "<a href=\"http://10.148.0.116/opencart/index.php?route=product/category&amp;path=25_32\">...</a>"
  }, {
    "issueType" : 3,
    "issueCode" : "WCAG2AA.Principle2.Guideline2_4.2_4_4.H77,H78,H79,H80,H81",
    "issueTechniques" : [ "https://www.w3.org/TR/WCAG20-TECHS/H77", "https://www.w3.org/TR/WCAG20-TECHS/H78", "https://www.w3.org/TR/WCAG20-TECHS/H79", "https://www.w3.org/TR/WCAG20-TECHS/H80", "https://www.w3.org/TR/WCAG20-TECHS/H81" ],
    "issueTag" : "a",
    "issueId" : null,
    "issueMsg" : "Check that the link text combined with programmatically determined link context identifies the purpose of the link.",
    "issueElement" : "<a href=\"http://10.148.0.116/opencart/index.php?route=product/category&amp;path=25\" class=\"see-all\">...</a>"
  }, {
    "issueType" : 2,
    "issueCode" : "WCAG2AA.Principle1.Guideline1_4.1_4_3.G18.BgImage",
    "issueTechniques" : [ "https://www.w3.org/TR/WCAG20-TECHS/G18" ],
    "issueTag" : "a",
    "issueId" : null,
    "issueMsg" : "This element's text is placed on a background image. Ensure the contrast ratio between the text and all covered parts of the image are at least 4.5:1.",
    "issueElement" : "<a href=\"http://10.148.0.116/opencart/index.php?route=product/category&amp;path=57\">...</a>"
  }, {
    "issueType" : 3,
    "issueCode" : "WCAG2AA.Principle2.Guideline2_4.2_4_4.H77,H78,H79,H80,H81",
    "issueTechniques" : [ "https://www.w3.org/TR/WCAG20-TECHS/H77", "https://www.w3.org/TR/WCAG20-TECHS/H78", "https://www.w3.org/TR/WCAG20-TECHS/H79", "https://www.w3.org/TR/WCAG20-TECHS/H80", "https://www.w3.org/TR/WCAG20-TECHS/H81" ],
    "issueTag" : "a",
    "issueId" : null,
    "issueMsg" : "Check that the link text combined with programmatically determined link context identifies the purpose of the link.",
    "issueElement" : "<a href=\"http://10.148.0.116/opencart/index.php?route=product/category&amp;path=57\">...</a>"
  }, {
    "issueType" : 2,
    "issueCode" : "WCAG2AA.Principle1.Guideline1_4.1_4_3.G18.BgImage",
    "issueTechniques" : [ "https://www.w3.org/TR/WCAG20-TECHS/G18" ],
    "issueTag" : "a",
    "issueId" : null,
    "issueMsg" : "This element's text is placed on a background image. Ensure the contrast ratio between the text and all covered parts of the image are at least 4.5:1.",
    "issueElement" : "<a href=\"http://10.148.0.116/opencart/index.php?route=product/category&amp;path=17\">...</a>"
  }, {
    "issueType" : 3,
    "issueCode" : "WCAG2AA.Principle2.Guideline2_4.2_4_4.H77,H78,H79,H80,H81",
    "issueTechniques" : [ "https://www.w3.org/TR/WCAG20-TECHS/H77", "https://www.w3.org/TR/WCAG20-TECHS/H78", "https://www.w3.org/TR/WCAG20-TECHS/H79", "https://www.w3.org/TR/WCAG20-TECHS/H80", "https://www.w3.org/TR/WCAG20-TECHS/H81" ],
    "issueTag" : "a",
    "issueId" : null,
    "issueMsg" : "Check that the link text combined with programmatically determined link context identifies the purpose of the link.",
    "issueElement" : "<a href=\"http://10.148.0.116/opencart/index.php?route=product/category&amp;path=17\">...</a>"
  }, {
    "issueType" : 2,
    "issueCode" : "WCAG2AA.Principle1.Guideline1_4.1_4_3.G18.BgImage",
    "issueTechniques" : [ "https://www.w3.org/TR/WCAG20-TECHS/G18" ],
    "issueTag" : "a",
    "issueId" : null,
    "issueMsg" : "This element's text is placed on a background image. Ensure the contrast ratio between the text and all covered parts of the image are at least 4.5:1.",
    "issueElement" : "<a href=\"http://10.148.0.116/opencart/index.php?route=product/category&amp;path=24\">...</a>"
  }, {
    "issueType" : 3,
    "issueCode" : "WCAG2AA.Principle2.Guideline2_4.2_4_4.H77,H78,H79,H80,H81",
    "issueTechniques" : [ "https://www.w3.org/TR/WCAG20-TECHS/H77", "https://www.w3.org/TR/WCAG20-TECHS/H78", "https://www.w3.org/TR/WCAG20-TECHS/H79", "https://www.w3.org/TR/WCAG20-TECHS/H80", "https://www.w3.org/TR/WCAG20-TECHS/H81" ],
    "issueTag" : "a",
    "issueId" : null,
    "issueMsg" : "Check that the link text combined with programmatically determined link context identifies the purpose of the link.",
    "issueElement" : "<a href=\"http://10.148.0.116/opencart/index.php?route=product/category&amp;path=24\">...</a>"
  }, {
    "issueType" : 2,
    "issueCode" : "WCAG2AA.Principle1.Guideline1_4.1_4_3.G18.BgImage",
    "issueTechniques" : [ "https://www.w3.org/TR/WCAG20-TECHS/G18" ],
    "issueTag" : "a",
    "issueId" : null,
    "issueMsg" : "This element's text is placed on a background image. Ensure the contrast ratio between the text and all covered parts of the image are at least 4.5:1.",
    "issueElement" : "<a href=\"http://10.148.0.116/opencart/index.php?route=product/category&amp;path=33\">...</a>"
  }, {
    "issueType" : 3,
    "issueCode" : "WCAG2AA.Principle2.Guideline2_4.2_4_4.H77,H78,H79,H80,H81",
    "issueTechniques" : [ "https://www.w3.org/TR/WCAG20-TECHS/H77", "https://www.w3.org/TR/WCAG20-TECHS/H78", "https://www.w3.org/TR/WCAG20-TECHS/H79", "https://www.w3.org/TR/WCAG20-TECHS/H80", "https://www.w3.org/TR/WCAG20-TECHS/H81" ],
    "issueTag" : "a",
    "issueId" : null,
    "issueMsg" : "Check that the link text combined with programmatically determined link context identifies the purpose of the link.",
    "issueElement" : "<a href=\"http://10.148.0.116/opencart/index.php?route=product/category&amp;path=33\">...</a>"
  }, {
    "issueType" : 2,
    "issueCode" : "WCAG2AA.Principle1.Guideline1_4.1_4_3.G18.BgImage",
    "issueTechniques" : [ "https://www.w3.org/TR/WCAG20-TECHS/G18" ],
    "issueTag" : "a",
    "issueId" : null,
    "issueMsg" : "This element's text is placed on a background image. Ensure the contrast ratio between the text and all covered parts of the image are at least 4.5:1.",
    "issueElement" : "<a href=\"http://10.148.0.116/opencart/index.php?route=product/category&amp;path=34\" class=\"dropdown-toggle\" data-toggle=\"dropdown\">...</a>"
  }, {
    "issueType" : 3,
    "issueCode" : "WCAG2AA.Principle2.Guideline2_4.2_4_4.H77,H78,H79,H80,H81",
    "issueTechniques" : [ "https://www.w3.org/TR/WCAG20-TECHS/H77", "https://www.w3.org/TR/WCAG20-TECHS/H78", "https://www.w3.org/TR/WCAG20-TECHS/H79", "https://www.w3.org/TR/WCAG20-TECHS/H80", "https://www.w3.org/TR/WCAG20-TECHS/H81" ],
    "issueTag" : "a",
    "issueId" : null,
    "issueMsg" : "Check that the link text combined with programmatically determined link context identifies the purpose of the link.",
    "issueElement" : "<a href=\"http://10.148.0.116/opencart/index.php?route=product/category&amp;path=34\" class=\"dropdown-toggle\" data-toggle=\"dropdown\">...</a>"
  }, {
    "issueType" : 3,
    "issueCode" : "WCAG2AA.Principle2.Guideline2_4.2_4_4.H77,H78,H79,H80,H81",
    "issueTechniques" : [ "https://www.w3.org/TR/WCAG20-TECHS/H77", "https://www.w3.org/TR/WCAG20-TECHS/H78", "https://www.w3.org/TR/WCAG20-TECHS/H79", "https://www.w3.org/TR/WCAG20-TECHS/H80", "https://www.w3.org/TR/WCAG20-TECHS/H81" ],
    "issueTag" : "a",
    "issueId" : null,
    "issueMsg" : "Check that the link text combined with programmatically determined link context identifies the purpose of the link.",
    "issueElement" : "<a href=\"http://10.148.0.116/opencart/index.php?route=product/category&amp;path=34_43\">...</a>"
  }, {
    "issueType" : 3,
    "issueCode" : "WCAG2AA.Principle2.Guideline2_4.2_4_4.H77,H78,H79,H80,H81",
    "issueTechniques" : [ "https://www.w3.org/TR/WCAG20-TECHS/H77", "https://www.w3.org/TR/WCAG20-TECHS/H78", "https://www.w3.org/TR/WCAG20-TECHS/H79", "https://www.w3.org/TR/WCAG20-TECHS/H80", "https://www.w3.org/TR/WCAG20-TECHS/H81" ],
    "issueTag" : "a",
    "issueId" : null,
    "issueMsg" : "Check that the link text combined with programmatically determined link context identifies the purpose of the link.",
    "issueElement" : "<a href=\"http://10.148.0.116/opencart/index.php?route=product/category&amp;path=34_44\">...</a>"
  }, {
    "issueType" : 3,
    "issueCode" : "WCAG2AA.Principle2.Guideline2_4.2_4_4.H77,H78,H79,H80,H81",
    "issueTechniques" : [ "https://www.w3.org/TR/WCAG20-TECHS/H77", "https://www.w3.org/TR/WCAG20-TECHS/H78", "https://www.w3.org/TR/WCAG20-TECHS/H79", "https://www.w3.org/TR/WCAG20-TECHS/H80", "https://www.w3.org/TR/WCAG20-TECHS/H81" ],
    "issueTag" : "a",
    "issueId" : null,
    "issueMsg" : "Check that the link text combined with programmatically determined link context identifies the purpose of the link.",
    "issueElement" : "<a href=\"http://10.148.0.116/opencart/index.php?route=product/category&amp;path=34_47\">...</a>"
  }, {
    "issueType" : 3,
    "issueCode" : "WCAG2AA.Principle2.Guideline2_4.2_4_4.H77,H78,H79,H80,H81",
    "issueTechniques" : [ "https://www.w3.org/TR/WCAG20-TECHS/H77", "https://www.w3.org/TR/WCAG20-TECHS/H78", "https://www.w3.org/TR/WCAG20-TECHS/H79", "https://www.w3.org/TR/WCAG20-TECHS/H80", "https://www.w3.org/TR/WCAG20-TECHS/H81" ],
    "issueTag" : "a",
    "issueId" : null,
    "issueMsg" : "Check that the link text combined with programmatically determined link context identifies the purpose of the link.",
    "issueElement" : "<a href=\"http://10.148.0.116/opencart/index.php?route=product/category&amp;path=34_48\">...</a>"
  }, {
    "issueType" : 3,
    "issueCode" : "WCAG2AA.Principle2.Guideline2_4.2_4_4.H77,H78,H79,H80,H81",
    "issueTechniques" : [ "https://www.w3.org/TR/WCAG20-TECHS/H77", "https://www.w3.org/TR/WCAG20-TECHS/H78", "https://www.w3.org/TR/WCAG20-TECHS/H79", "https://www.w3.org/TR/WCAG20-TECHS/H80", "https://www.w3.org/TR/WCAG20-TECHS/H81" ],
    "issueTag" : "a",
    "issueId" : null,
    "issueMsg" : "Check that the link text combined with programmatically determined link context identifies the purpose of the link.",
    "issueElement" : "<a href=\"http://10.148.0.116/opencart/index.php?route=product/category&amp;path=34_49\">...</a>"
  }, {
    "issueType" : 3,
    "issueCode" : "WCAG2AA.Principle2.Guideline2_4.2_4_4.H77,H78,H79,H80,H81",
    "issueTechniques" : [ "https://www.w3.org/TR/WCAG20-TECHS/H77", "https://www.w3.org/TR/WCAG20-TECHS/H78", "https://www.w3.org/TR/WCAG20-TECHS/H79", "https://www.w3.org/TR/WCAG20-TECHS/H80", "https://www.w3.org/TR/WCAG20-TECHS/H81" ],
    "issueTag" : "a",
    "issueId" : null,
    "issueMsg" : "Check that the link text combined with programmatically determined link context identifies the purpose of the link.",
    "issueElement" : "<a href=\"http://10.148.0.116/opencart/index.php?route=product/category&amp;path=34_50\">...</a>"
  }, {
    "issueType" : 3,
    "issueCode" : "WCAG2AA.Principle2.Guideline2_4.2_4_4.H77,H78,H79,H80,H81",
    "issueTechniques" : [ "https://www.w3.org/TR/WCAG20-TECHS/H77", "https://www.w3.org/TR/WCAG20-TECHS/H78", "https://www.w3.org/TR/WCAG20-TECHS/H79", "https://www.w3.org/TR/WCAG20-TECHS/H80", "https://www.w3.org/TR/WCAG20-TECHS/H81" ],
    "issueTag" : "a",
    "issueId" : null,
    "issueMsg" : "Check that the link text combined with programmatically determined link context identifies the purpose of the link.",
    "issueElement" : "<a href=\"http://10.148.0.116/opencart/index.php?route=product/category&amp;path=34_51\">...</a>"
  }, {
    "issueType" : 3,
    "issueCode" : "WCAG2AA.Principle2.Guideline2_4.2_4_4.H77,H78,H79,H80,H81",
    "issueTechniques" : [ "https://www.w3.org/TR/WCAG20-TECHS/H77", "https://www.w3.org/TR/WCAG20-TECHS/H78", "https://www.w3.org/TR/WCAG20-TECHS/H79", "https://www.w3.org/TR/WCAG20-TECHS/H80", "https://www.w3.org/TR/WCAG20-TECHS/H81" ],
    "issueTag" : "a",
    "issueId" : null,
    "issueMsg" : "Check that the link text combined with programmatically determined link context identifies the purpose of the link.",
    "issueElement" : "<a href=\"http://10.148.0.116/opencart/index.php?route=product/category&amp;path=34_52\">...</a>"
  }, {
    "issueType" : 3,
    "issueCode" : "WCAG2AA.Principle2.Guideline2_4.2_4_4.H77,H78,H79,H80,H81",
    "issueTechniques" : [ "https://www.w3.org/TR/WCAG20-TECHS/H77", "https://www.w3.org/TR/WCAG20-TECHS/H78", "https://www.w3.org/TR/WCAG20-TECHS/H79", "https://www.w3.org/TR/WCAG20-TECHS/H80", "https://www.w3.org/TR/WCAG20-TECHS/H81" ],
    "issueTag" : "a",
    "issueId" : null,
    "issueMsg" : "Check that the link text combined with programmatically determined link context identifies the purpose of the link.",
    "issueElement" : "<a href=\"http://10.148.0.116/opencart/index.php?route=product/category&amp;path=34_53\">...</a>"
  }, {
    "issueType" : 3,
    "issueCode" : "WCAG2AA.Principle2.Guideline2_4.2_4_4.H77,H78,H79,H80,H81",
    "issueTechniques" : [ "https://www.w3.org/TR/WCAG20-TECHS/H77", "https://www.w3.org/TR/WCAG20-TECHS/H78", "https://www.w3.org/TR/WCAG20-TECHS/H79", "https://www.w3.org/TR/WCAG20-TECHS/H80", "https://www.w3.org/TR/WCAG20-TECHS/H81" ],
    "issueTag" : "a",
    "issueId" : null,
    "issueMsg" : "Check that the link text combined with programmatically determined link context identifies the purpose of the link.",
    "issueElement" : "<a href=\"http://10.148.0.116/opencart/index.php?route=product/category&amp;path=34_54\">...</a>"
  }, {
    "issueType" : 3,
    "issueCode" : "WCAG2AA.Principle2.Guideline2_4.2_4_4.H77,H78,H79,H80,H81",
    "issueTechniques" : [ "https://www.w3.org/TR/WCAG20-TECHS/H77", "https://www.w3.org/TR/WCAG20-TECHS/H78", "https://www.w3.org/TR/WCAG20-TECHS/H79", "https://www.w3.org/TR/WCAG20-TECHS/H80", "https://www.w3.org/TR/WCAG20-TECHS/H81" ],
    "issueTag" : "a",
    "issueId" : null,
    "issueMsg" : "Check that the link text combined with programmatically determined link context identifies the purpose of the link.",
    "issueElement" : "<a href=\"http://10.148.0.116/opencart/index.php?route=product/category&amp;path=34_55\">...</a>"
  }, {
    "issueType" : 3,
    "issueCode" : "WCAG2AA.Principle2.Guideline2_4.2_4_4.H77,H78,H79,H80,H81",
    "issueTechniques" : [ "https://www.w3.org/TR/WCAG20-TECHS/H77", "https://www.w3.org/TR/WCAG20-TECHS/H78", "https://www.w3.org/TR/WCAG20-TECHS/H79", "https://www.w3.org/TR/WCAG20-TECHS/H80", "https://www.w3.org/TR/WCAG20-TECHS/H81" ],
    "issueTag" : "a",
    "issueId" : null,
    "issueMsg" : "Check that the link text combined with programmatically determined link context identifies the purpose of the link.",
    "issueElement" : "<a href=\"http://10.148.0.116/opencart/index.php?route=product/category&amp;path=34_56\">...</a>"
  }, {
    "issueType" : 3,
    "issueCode" : "WCAG2AA.Principle2.Guideline2_4.2_4_4.H77,H78,H79,H80,H81",
    "issueTechniques" : [ "https://www.w3.org/TR/WCAG20-TECHS/H77", "https://www.w3.org/TR/WCAG20-TECHS/H78", "https://www.w3.org/TR/WCAG20-TECHS/H79", "https://www.w3.org/TR/WCAG20-TECHS/H80", "https://www.w3.org/TR/WCAG20-TECHS/H81" ],
    "issueTag" : "a",
    "issueId" : null,
    "issueMsg" : "Check that the link text combined with programmatically determined link context identifies the purpose of the link.",
    "issueElement" : "<a href=\"http://10.148.0.116/opencart/index.php?route=product/category&amp;path=34_38\">...</a>"
  }, {
    "issueType" : 3,
    "issueCode" : "WCAG2AA.Principle2.Guideline2_4.2_4_4.H77,H78,H79,H80,H81",
    "issueTechniques" : [ "https://www.w3.org/TR/WCAG20-TECHS/H77", "https://www.w3.org/TR/WCAG20-TECHS/H78", "https://www.w3.org/TR/WCAG20-TECHS/H79", "https://www.w3.org/TR/WCAG20-TECHS/H80", "https://www.w3.org/TR/WCAG20-TECHS/H81" ],
    "issueTag" : "a",
    "issueId" : null,
    "issueMsg" : "Check that the link text combined with programmatically determined link context identifies the purpose of the link.",
    "issueElement" : "<a href=\"http://10.148.0.116/opencart/index.php?route=product/category&amp;path=34_37\">...</a>"
  }, {
    "issueType" : 3,
    "issueCode" : "WCAG2AA.Principle2.Guideline2_4.2_4_4.H77,H78,H79,H80,H81",
    "issueTechniques" : [ "https://www.w3.org/TR/WCAG20-TECHS/H77", "https://www.w3.org/TR/WCAG20-TECHS/H78", "https://www.w3.org/TR/WCAG20-TECHS/H79", "https://www.w3.org/TR/WCAG20-TECHS/H80", "https://www.w3.org/TR/WCAG20-TECHS/H81" ],
    "issueTag" : "a",
    "issueId" : null,
    "issueMsg" : "Check that the link text combined with programmatically determined link context identifies the purpose of the link.",
    "issueElement" : "<a href=\"http://10.148.0.116/opencart/index.php?route=product/category&amp;path=34_39\">...</a>"
  }, {
    "issueType" : 3,
    "issueCode" : "WCAG2AA.Principle2.Guideline2_4.2_4_4.H77,H78,H79,H80,H81",
    "issueTechniques" : [ "https://www.w3.org/TR/WCAG20-TECHS/H77", "https://www.w3.org/TR/WCAG20-TECHS/H78", "https://www.w3.org/TR/WCAG20-TECHS/H79", "https://www.w3.org/TR/WCAG20-TECHS/H80", "https://www.w3.org/TR/WCAG20-TECHS/H81" ],
    "issueTag" : "a",
    "issueId" : null,
    "issueMsg" : "Check that the link text combined with programmatically determined link context identifies the purpose of the link.",
    "issueElement" : "<a href=\"http://10.148.0.116/opencart/index.php?route=product/category&amp;path=34_40\">...</a>"
  }, {
    "issueType" : 3,
    "issueCode" : "WCAG2AA.Principle2.Guideline2_4.2_4_4.H77,H78,H79,H80,H81",
    "issueTechniques" : [ "https://www.w3.org/TR/WCAG20-TECHS/H77", "https://www.w3.org/TR/WCAG20-TECHS/H78", "https://www.w3.org/TR/WCAG20-TECHS/H79", "https://www.w3.org/TR/WCAG20-TECHS/H80", "https://www.w3.org/TR/WCAG20-TECHS/H81" ],
    "issueTag" : "a",
    "issueId" : null,
    "issueMsg" : "Check that the link text combined with programmatically determined link context identifies the purpose of the link.",
    "issueElement" : "<a href=\"http://10.148.0.116/opencart/index.php?route=product/category&amp;path=34_41\">...</a>"
  }, {
    "issueType" : 3,
    "issueCode" : "WCAG2AA.Principle2.Guideline2_4.2_4_4.H77,H78,H79,H80,H81",
    "issueTechniques" : [ "https://www.w3.org/TR/WCAG20-TECHS/H77", "https://www.w3.org/TR/WCAG20-TECHS/H78", "https://www.w3.org/TR/WCAG20-TECHS/H79", "https://www.w3.org/TR/WCAG20-TECHS/H80", "https://www.w3.org/TR/WCAG20-TECHS/H81" ],
    "issueTag" : "a",
    "issueId" : null,
    "issueMsg" : "Check that the link text combined with programmatically determined link context identifies the purpose of the link.",
    "issueElement" : "<a href=\"http://10.148.0.116/opencart/index.php?route=product/category&amp;path=34_42\">...</a>"
  }, {
    "issueType" : 3,
    "issueCode" : "WCAG2AA.Principle2.Guideline2_4.2_4_4.H77,H78,H79,H80,H81",
    "issueTechniques" : [ "https://www.w3.org/TR/WCAG20-TECHS/H77", "https://www.w3.org/TR/WCAG20-TECHS/H78", "https://www.w3.org/TR/WCAG20-TECHS/H79", "https://www.w3.org/TR/WCAG20-TECHS/H80", "https://www.w3.org/TR/WCAG20-TECHS/H81" ],
    "issueTag" : "a",
    "issueId" : null,
    "issueMsg" : "Check that the link text combined with programmatically determined link context identifies the purpose of the link.",
    "issueElement" : "<a href=\"http://10.148.0.116/opencart/index.php?route=product/category&amp;path=34\" class=\"see-all\">...</a>"
  }, {
    "issueType" : 1,
    "issueCode" : "WCAG2AA.Principle4.Guideline4_1.4_1_2.H91.A.NoContent",
    "issueTechniques" : [ "https://www.w3.org/TR/WCAG20-TECHS/H91" ],
    "issueTag" : "a",
    "issueId" : null,
    "issueMsg" : "Anchor element found with a valid href attribute, but no link content has been supplied.",
    "issueElement" : "<a href=\"http://10.148.0.116/opencart/index.php?route=common/home\">...</a>"
  }, {
    "issueType" : 3,
    "issueCode" : "WCAG2AA.Principle2.Guideline2_4.2_4_4.H77,H78,H79,H80,H81",
    "issueTechniques" : [ "https://www.w3.org/TR/WCAG20-TECHS/H77", "https://www.w3.org/TR/WCAG20-TECHS/H78", "https://www.w3.org/TR/WCAG20-TECHS/H79", "https://www.w3.org/TR/WCAG20-TECHS/H80", "https://www.w3.org/TR/WCAG20-TECHS/H81" ],
    "issueTag" : "a",
    "issueId" : null,
    "issueMsg" : "Check that the link text combined with programmatically determined link context identifies the purpose of the link.",
    "issueElement" : "<a href=\"http://10.148.0.116/opencart/index.php?route=common/home\">...</a>"
  }, {
    "issueType" : 1,
    "issueCode" : "WCAG2AA.Principle1.Guideline1_4.1_4_3.G18.Fail",
    "issueTechniques" : [ "https://www.w3.org/TR/WCAG20-TECHS/G18" ],
    "issueTag" : "a",
    "issueId" : null,
    "issueMsg" : "This element has insufficient contrast at this conformance level. Expected a contrast ratio of at least 4.5:1, but text in this element has a contrast ratio of 2.72:1. Recommendation:  change text colour to #0078a6.",
    "issueElement" : "<a href=\"http://10.148.0.116/opencart/index.php?route=account/account\">...</a>"
  }, {
    "issueType" : 3,
    "issueCode" : "WCAG2AA.Principle2.Guideline2_4.2_4_4.H77,H78,H79,H80,H81",
    "issueTechniques" : [ "https://www.w3.org/TR/WCAG20-TECHS/H77", "https://www.w3.org/TR/WCAG20-TECHS/H78", "https://www.w3.org/TR/WCAG20-TECHS/H79", "https://www.w3.org/TR/WCAG20-TECHS/H80", "https://www.w3.org/TR/WCAG20-TECHS/H81" ],
    "issueTag" : "a",
    "issueId" : null,
    "issueMsg" : "Check that the link text combined with programmatically determined link context identifies the purpose of the link.",
    "issueElement" : "<a href=\"http://10.148.0.116/opencart/index.php?route=account/account\">...</a>"
  }, {
    "issueType" : 1,
    "issueCode" : "WCAG2AA.Principle1.Guideline1_4.1_4_3.G18.Fail",
    "issueTechniques" : [ "https://www.w3.org/TR/WCAG20-TECHS/G18" ],
    "issueTag" : "a",
    "issueId" : null,
    "issueMsg" : "This element has insufficient contrast at this conformance level. Expected a contrast ratio of at least 4.5:1, but text in this element has a contrast ratio of 2.72:1. Recommendation:  change text colour to #0078a6.",
    "issueElement" : "<a href=\"http://10.148.0.116/opencart/index.php?route=account/logout\">...</a>"
  }, {
    "issueType" : 3,
    "issueCode" : "WCAG2AA.Principle2.Guideline2_4.2_4_4.H77,H78,H79,H80,H81",
    "issueTechniques" : [ "https://www.w3.org/TR/WCAG20-TECHS/H77", "https://www.w3.org/TR/WCAG20-TECHS/H78", "https://www.w3.org/TR/WCAG20-TECHS/H79", "https://www.w3.org/TR/WCAG20-TECHS/H80", "https://www.w3.org/TR/WCAG20-TECHS/H81" ],
    "issueTag" : "a",
    "issueId" : null,
    "issueMsg" : "Check that the link text combined with programmatically determined link context identifies the purpose of the link.",
    "issueElement" : "<a href=\"http://10.148.0.116/opencart/index.php?route=account/logout\">...</a>"
  }, {
    "issueType" : 2,
    "issueCode" : "WCAG2AA.Principle1.Guideline1_4.1_4_3.G18.BgImage",
    "issueTechniques" : [ "https://www.w3.org/TR/WCAG20-TECHS/G18" ],
    "issueTag" : "a",
    "issueId" : null,
    "issueMsg" : "This element's text is placed on a background image. Ensure the contrast ratio between the text and all covered parts of the image are at least 4.5:1.",
    "issueElement" : "<a href=\"http://10.148.0.116/opencart/index.php?route=common/home\" class=\"btn btn-primary\">...</a>"
  }, {
    "issueType" : 3,
    "issueCode" : "WCAG2AA.Principle2.Guideline2_4.2_4_4.H77,H78,H79,H80,H81",
    "issueTechniques" : [ "https://www.w3.org/TR/WCAG20-TECHS/H77", "https://www.w3.org/TR/WCAG20-TECHS/H78", "https://www.w3.org/TR/WCAG20-TECHS/H79", "https://www.w3.org/TR/WCAG20-TECHS/H80", "https://www.w3.org/TR/WCAG20-TECHS/H81" ],
    "issueTag" : "a",
    "issueId" : null,
    "issueMsg" : "Check that the link text combined with programmatically determined link context identifies the purpose of the link.",
    "issueElement" : "<a href=\"http://10.148.0.116/opencart/index.php?route=common/home\" class=\"btn btn-primary\">...</a>"
  }, {
    "issueType" : 2,
    "issueCode" : "WCAG2AA.Principle1.Guideline1_3.1_3_1.H48",
    "issueTechniques" : [ "https://www.w3.org/TR/WCAG20-TECHS/H48" ],
    "issueTag" : "div",
    "issueId" : null,
    "issueMsg" : "If this element contains a navigation section, it is recommended that it be marked up as a list.",
    "issueElement" : "<div class=\"list-group\">...</div>"
  }, {
    "issueType" : 1,
    "issueCode" : "WCAG2AA.Principle1.Guideline1_4.1_4_3.G18.Fail",
    "issueTechniques" : [ "https://www.w3.org/TR/WCAG20-TECHS/G18" ],
    "issueTag" : "a",
    "issueId" : null,
    "issueMsg" : "This element has insufficient contrast at this conformance level. Expected a contrast ratio of at least 4.5:1, but text in this element has a contrast ratio of 3.54:1. Recommendation:  change text colour to #767676.",
    "issueElement" : "<a href=\"http://10.148.0.116/opencart/index.php?route=account/login\" class=\"list-group-item\">...</a>"
  }, {
    "issueType" : 3,
    "issueCode" : "WCAG2AA.Principle2.Guideline2_4.2_4_4.H77,H78,H79,H80,H81",
    "issueTechniques" : [ "https://www.w3.org/TR/WCAG20-TECHS/H77", "https://www.w3.org/TR/WCAG20-TECHS/H78", "https://www.w3.org/TR/WCAG20-TECHS/H79", "https://www.w3.org/TR/WCAG20-TECHS/H80", "https://www.w3.org/TR/WCAG20-TECHS/H81" ],
    "issueTag" : "a",
    "issueId" : null,
    "issueMsg" : "Check that the link text combined with programmatically determined link context identifies the purpose of the link.",
    "issueElement" : "<a href=\"http://10.148.0.116/opencart/index.php?route=account/login\" class=\"list-group-item\">...</a>"
  }, {
    "issueType" : 1,
    "issueCode" : "WCAG2AA.Principle1.Guideline1_4.1_4_3.G18.Fail",
    "issueTechniques" : [ "https://www.w3.org/TR/WCAG20-TECHS/G18" ],
    "issueTag" : "a",
    "issueId" : null,
    "issueMsg" : "This element has insufficient contrast at this conformance level. Expected a contrast ratio of at least 4.5:1, but text in this element has a contrast ratio of 3.54:1. Recommendation:  change text colour to #767676.",
    "issueElement" : "<a href=\"http://10.148.0.116/opencart/index.php?route=account/register\" class=\"list-group-item\">...</a>"
  }, {
    "issueType" : 3,
    "issueCode" : "WCAG2AA.Principle2.Guideline2_4.2_4_4.H77,H78,H79,H80,H81",
    "issueTechniques" : [ "https://www.w3.org/TR/WCAG20-TECHS/H77", "https://www.w3.org/TR/WCAG20-TECHS/H78", "https://www.w3.org/TR/WCAG20-TECHS/H79", "https://www.w3.org/TR/WCAG20-TECHS/H80", "https://www.w3.org/TR/WCAG20-TECHS/H81" ],
    "issueTag" : "a",
    "issueId" : null,
    "issueMsg" : "Check that the link text combined with programmatically determined link context identifies the purpose of the link.",
    "issueElement" : "<a href=\"http://10.148.0.116/opencart/index.php?route=account/register\" class=\"list-group-item\">...</a>"
  }, {
    "issueType" : 1,
    "issueCode" : "WCAG2AA.Principle1.Guideline1_4.1_4_3.G18.Fail",
    "issueTechniques" : [ "https://www.w3.org/TR/WCAG20-TECHS/G18" ],
    "issueTag" : "a",
    "issueId" : null,
    "issueMsg" : "This element has insufficient contrast at this conformance level. Expected a contrast ratio of at least 4.5:1, but text in this element has a contrast ratio of 3.54:1. Recommendation:  change text colour to #767676.",
    "issueElement" : "<a href=\"http://10.148.0.116/opencart/index.php?route=account/forgotten\" class=\"list-group-item\">...</a>"
  }, {
    "issueType" : 3,
    "issueCode" : "WCAG2AA.Principle2.Guideline2_4.2_4_4.H77,H78,H79,H80,H81",
    "issueTechniques" : [ "https://www.w3.org/TR/WCAG20-TECHS/H77", "https://www.w3.org/TR/WCAG20-TECHS/H78", "https://www.w3.org/TR/WCAG20-TECHS/H79", "https://www.w3.org/TR/WCAG20-TECHS/H80", "https://www.w3.org/TR/WCAG20-TECHS/H81" ],
    "issueTag" : "a",
    "issueId" : null,
    "issueMsg" : "Check that the link text combined with programmatically determined link context identifies the purpose of the link.",
    "issueElement" : "<a href=\"http://10.148.0.116/opencart/index.php?route=account/forgotten\" class=\"list-group-item\">...</a>"
  }, {
    "issueType" : 1,
    "issueCode" : "WCAG2AA.Principle1.Guideline1_4.1_4_3.G18.Fail",
    "issueTechniques" : [ "https://www.w3.org/TR/WCAG20-TECHS/G18" ],
    "issueTag" : "a",
    "issueId" : null,
    "issueMsg" : "This element has insufficient contrast at this conformance level. Expected a contrast ratio of at least 4.5:1, but text in this element has a contrast ratio of 3.54:1. Recommendation:  change text colour to #767676.",
    "issueElement" : "<a href=\"http://10.148.0.116/opencart/index.php?route=account/account\" class=\"list-group-item\">...</a>"
  }, {
    "issueType" : 3,
    "issueCode" : "WCAG2AA.Principle2.Guideline2_4.2_4_4.H77,H78,H79,H80,H81",
    "issueTechniques" : [ "https://www.w3.org/TR/WCAG20-TECHS/H77", "https://www.w3.org/TR/WCAG20-TECHS/H78", "https://www.w3.org/TR/WCAG20-TECHS/H79", "https://www.w3.org/TR/WCAG20-TECHS/H80", "https://www.w3.org/TR/WCAG20-TECHS/H81" ],
    "issueTag" : "a",
    "issueId" : null,
    "issueMsg" : "Check that the link text combined with programmatically determined link context identifies the purpose of the link.",
    "issueElement" : "<a href=\"http://10.148.0.116/opencart/index.php?route=account/account\" class=\"list-group-item\">...</a>"
  }, {
    "issueType" : 1,
    "issueCode" : "WCAG2AA.Principle1.Guideline1_4.1_4_3.G18.Fail",
    "issueTechniques" : [ "https://www.w3.org/TR/WCAG20-TECHS/G18" ],
    "issueTag" : "a",
    "issueId" : null,
    "issueMsg" : "This element has insufficient contrast at this conformance level. Expected a contrast ratio of at least 4.5:1, but text in this element has a contrast ratio of 3.54:1. Recommendation:  change text colour to #767676.",
    "issueElement" : "<a href=\"http://10.148.0.116/opencart/index.php?route=account/address\" class=\"list-group-item\">...</a>"
  }, {
    "issueType" : 3,
    "issueCode" : "WCAG2AA.Principle2.Guideline2_4.2_4_4.H77,H78,H79,H80,H81",
    "issueTechniques" : [ "https://www.w3.org/TR/WCAG20-TECHS/H77", "https://www.w3.org/TR/WCAG20-TECHS/H78", "https://www.w3.org/TR/WCAG20-TECHS/H79", "https://www.w3.org/TR/WCAG20-TECHS/H80", "https://www.w3.org/TR/WCAG20-TECHS/H81" ],
    "issueTag" : "a",
    "issueId" : null,
    "issueMsg" : "Check that the link text combined with programmatically determined link context identifies the purpose of the link.",
    "issueElement" : "<a href=\"http://10.148.0.116/opencart/index.php?route=account/address\" class=\"list-group-item\">...</a>"
  }, {
    "issueType" : 1,
    "issueCode" : "WCAG2AA.Principle1.Guideline1_4.1_4_3.G18.Fail",
    "issueTechniques" : [ "https://www.w3.org/TR/WCAG20-TECHS/G18" ],
    "issueTag" : "a",
    "issueId" : null,
    "issueMsg" : "This element has insufficient contrast at this conformance level. Expected a contrast ratio of at least 4.5:1, but text in this element has a contrast ratio of 3.54:1. Recommendation:  change text colour to #767676.",
    "issueElement" : "<a href=\"http://10.148.0.116/opencart/index.php?route=account/wishlist\" class=\"list-group-item\">...</a>"
  }, {
    "issueType" : 3,
    "issueCode" : "WCAG2AA.Principle2.Guideline2_4.2_4_4.H77,H78,H79,H80,H81",
    "issueTechniques" : [ "https://www.w3.org/TR/WCAG20-TECHS/H77", "https://www.w3.org/TR/WCAG20-TECHS/H78", "https://www.w3.org/TR/WCAG20-TECHS/H79", "https://www.w3.org/TR/WCAG20-TECHS/H80", "https://www.w3.org/TR/WCAG20-TECHS/H81" ],
    "issueTag" : "a",
    "issueId" : null,
    "issueMsg" : "Check that the link text combined with programmatically determined link context identifies the purpose of the link.",
    "issueElement" : "<a href=\"http://10.148.0.116/opencart/index.php?route=account/wishlist\" class=\"list-group-item\">...</a>"
  }, {
    "issueType" : 1,
    "issueCode" : "WCAG2AA.Principle1.Guideline1_4.1_4_3.G18.Fail",
    "issueTechniques" : [ "https://www.w3.org/TR/WCAG20-TECHS/G18" ],
    "issueTag" : "a",
    "issueId" : null,
    "issueMsg" : "This element has insufficient contrast at this conformance level. Expected a contrast ratio of at least 4.5:1, but text in this element has a contrast ratio of 3.54:1. Recommendation:  change text colour to #767676.",
    "issueElement" : "<a href=\"http://10.148.0.116/opencart/index.php?route=account/order\" class=\"list-group-item\">...</a>"
  }, {
    "issueType" : 3,
    "issueCode" : "WCAG2AA.Principle2.Guideline2_4.2_4_4.H77,H78,H79,H80,H81",
    "issueTechniques" : [ "https://www.w3.org/TR/WCAG20-TECHS/H77", "https://www.w3.org/TR/WCAG20-TECHS/H78", "https://www.w3.org/TR/WCAG20-TECHS/H79", "https://www.w3.org/TR/WCAG20-TECHS/H80", "https://www.w3.org/TR/WCAG20-TECHS/H81" ],
    "issueTag" : "a",
    "issueId" : null,
    "issueMsg" : "Check that the link text combined with programmatically determined link context identifies the purpose of the link.",
    "issueElement" : "<a href=\"http://10.148.0.116/opencart/index.php?route=account/order\" class=\"list-group-item\">...</a>"
  }, {
    "issueType" : 1,
    "issueCode" : "WCAG2AA.Principle1.Guideline1_4.1_4_3.G18.Fail",
    "issueTechniques" : [ "https://www.w3.org/TR/WCAG20-TECHS/G18" ],
    "issueTag" : "a",
    "issueId" : null,
    "issueMsg" : "This element has insufficient contrast at this conformance level. Expected a contrast ratio of at least 4.5:1, but text in this element has a contrast ratio of 3.54:1. Recommendation:  change text colour to #767676.",
    "issueElement" : "<a href=\"http://10.148.0.116/opencart/index.php?route=account/download\" class=\"list-group-item\">...</a>"
  }, {
    "issueType" : 3,
    "issueCode" : "WCAG2AA.Principle2.Guideline2_4.2_4_4.H77,H78,H79,H80,H81",
    "issueTechniques" : [ "https://www.w3.org/TR/WCAG20-TECHS/H77", "https://www.w3.org/TR/WCAG20-TECHS/H78", "https://www.w3.org/TR/WCAG20-TECHS/H79", "https://www.w3.org/TR/WCAG20-TECHS/H80", "https://www.w3.org/TR/WCAG20-TECHS/H81" ],
    "issueTag" : "a",
    "issueId" : null,
    "issueMsg" : "Check that the link text combined with programmatically determined link context identifies the purpose of the link.",
    "issueElement" : "<a href=\"http://10.148.0.116/opencart/index.php?route=account/download\" class=\"list-group-item\">...</a>"
  }, {
    "issueType" : 1,
    "issueCode" : "WCAG2AA.Principle1.Guideline1_4.1_4_3.G18.Fail",
    "issueTechniques" : [ "https://www.w3.org/TR/WCAG20-TECHS/G18" ],
    "issueTag" : "a",
    "issueId" : null,
    "issueMsg" : "This element has insufficient contrast at this conformance level. Expected a contrast ratio of at least 4.5:1, but text in this element has a contrast ratio of 3.54:1. Recommendation:  change text colour to #767676.",
    "issueElement" : "<a href=\"http://10.148.0.116/opencart/index.php?route=account/recurring\" class=\"list-group-item\">...</a>"
  }, {
    "issueType" : 3,
    "issueCode" : "WCAG2AA.Principle2.Guideline2_4.2_4_4.H77,H78,H79,H80,H81",
    "issueTechniques" : [ "https://www.w3.org/TR/WCAG20-TECHS/H77", "https://www.w3.org/TR/WCAG20-TECHS/H78", "https://www.w3.org/TR/WCAG20-TECHS/H79", "https://www.w3.org/TR/WCAG20-TECHS/H80", "https://www.w3.org/TR/WCAG20-TECHS/H81" ],
    "issueTag" : "a",
    "issueId" : null,
    "issueMsg" : "Check that the link text combined with programmatically determined link context identifies the purpose of the link.",
    "issueElement" : "<a href=\"http://10.148.0.116/opencart/index.php?route=account/recurring\" class=\"list-group-item\">...</a>"
  }, {
    "issueType" : 1,
    "issueCode" : "WCAG2AA.Principle1.Guideline1_4.1_4_3.G18.Fail",
    "issueTechniques" : [ "https://www.w3.org/TR/WCAG20-TECHS/G18" ],
    "issueTag" : "a",
    "issueId" : null,
    "issueMsg" : "This element has insufficient contrast at this conformance level. Expected a contrast ratio of at least 4.5:1, but text in this element has a contrast ratio of 3.54:1. Recommendation:  change text colour to #767676.",
    "issueElement" : "<a href=\"http://10.148.0.116/opencart/index.php?route=account/reward\" class=\"list-group-item\">...</a>"
  }, {
    "issueType" : 3,
    "issueCode" : "WCAG2AA.Principle2.Guideline2_4.2_4_4.H77,H78,H79,H80,H81",
    "issueTechniques" : [ "https://www.w3.org/TR/WCAG20-TECHS/H77", "https://www.w3.org/TR/WCAG20-TECHS/H78", "https://www.w3.org/TR/WCAG20-TECHS/H79", "https://www.w3.org/TR/WCAG20-TECHS/H80", "https://www.w3.org/TR/WCAG20-TECHS/H81" ],
    "issueTag" : "a",
    "issueId" : null,
    "issueMsg" : "Check that the link text combined with programmatically determined link context identifies the purpose of the link.",
    "issueElement" : "<a href=\"http://10.148.0.116/opencart/index.php?route=account/reward\" class=\"list-group-item\">...</a>"
  }, {
    "issueType" : 1,
    "issueCode" : "WCAG2AA.Principle1.Guideline1_4.1_4_3.G18.Fail",
    "issueTechniques" : [ "https://www.w3.org/TR/WCAG20-TECHS/G18" ],
    "issueTag" : "a",
    "issueId" : null,
    "issueMsg" : "This element has insufficient contrast at this conformance level. Expected a contrast ratio of at least 4.5:1, but text in this element has a contrast ratio of 3.54:1. Recommendation:  change text colour to #767676.",
    "issueElement" : "<a href=\"http://10.148.0.116/opencart/index.php?route=account/return\" class=\"list-group-item\">...</a>"
  }, {
    "issueType" : 3,
    "issueCode" : "WCAG2AA.Principle2.Guideline2_4.2_4_4.H77,H78,H79,H80,H81",
    "issueTechniques" : [ "https://www.w3.org/TR/WCAG20-TECHS/H77", "https://www.w3.org/TR/WCAG20-TECHS/H78", "https://www.w3.org/TR/WCAG20-TECHS/H79", "https://www.w3.org/TR/WCAG20-TECHS/H80", "https://www.w3.org/TR/WCAG20-TECHS/H81" ],
    "issueTag" : "a",
    "issueId" : null,
    "issueMsg" : "Check that the link text combined with programmatically determined link context identifies the purpose of the link.",
    "issueElement" : "<a href=\"http://10.148.0.116/opencart/index.php?route=account/return\" class=\"list-group-item\">...</a>"
  }, {
    "issueType" : 1,
    "issueCode" : "WCAG2AA.Principle1.Guideline1_4.1_4_3.G18.Fail",
    "issueTechniques" : [ "https://www.w3.org/TR/WCAG20-TECHS/G18" ],
    "issueTag" : "a",
    "issueId" : null,
    "issueMsg" : "This element has insufficient contrast at this conformance level. Expected a contrast ratio of at least 4.5:1, but text in this element has a contrast ratio of 3.54:1. Recommendation:  change text colour to #767676.",
    "issueElement" : "<a href=\"http://10.148.0.116/opencart/index.php?route=account/transaction\" class=\"list-group-item\">...</a>"
  }, {
    "issueType" : 3,
    "issueCode" : "WCAG2AA.Principle2.Guideline2_4.2_4_4.H77,H78,H79,H80,H81",
    "issueTechniques" : [ "https://www.w3.org/TR/WCAG20-TECHS/H77", "https://www.w3.org/TR/WCAG20-TECHS/H78", "https://www.w3.org/TR/WCAG20-TECHS/H79", "https://www.w3.org/TR/WCAG20-TECHS/H80", "https://www.w3.org/TR/WCAG20-TECHS/H81" ],
    "issueTag" : "a",
    "issueId" : null,
    "issueMsg" : "Check that the link text combined with programmatically determined link context identifies the purpose of the link.",
    "issueElement" : "<a href=\"http://10.148.0.116/opencart/index.php?route=account/transaction\" class=\"list-group-item\">...</a>"
  }, {
    "issueType" : 1,
    "issueCode" : "WCAG2AA.Principle1.Guideline1_4.1_4_3.G18.Fail",
    "issueTechniques" : [ "https://www.w3.org/TR/WCAG20-TECHS/G18" ],
    "issueTag" : "a",
    "issueId" : null,
    "issueMsg" : "This element has insufficient contrast at this conformance level. Expected a contrast ratio of at least 4.5:1, but text in this element has a contrast ratio of 3.54:1. Recommendation:  change text colour to #767676.",
    "issueElement" : "<a href=\"http://10.148.0.116/opencart/index.php?route=account/newsletter\" class=\"list-group-item\">...</a>"
  }, {
    "issueType" : 3,
    "issueCode" : "WCAG2AA.Principle2.Guideline2_4.2_4_4.H77,H78,H79,H80,H81",
    "issueTechniques" : [ "https://www.w3.org/TR/WCAG20-TECHS/H77", "https://www.w3.org/TR/WCAG20-TECHS/H78", "https://www.w3.org/TR/WCAG20-TECHS/H79", "https://www.w3.org/TR/WCAG20-TECHS/H80", "https://www.w3.org/TR/WCAG20-TECHS/H81" ],
    "issueTag" : "a",
    "issueId" : null,
    "issueMsg" : "Check that the link text combined with programmatically determined link context identifies the purpose of the link.",
    "issueElement" : "<a href=\"http://10.148.0.116/opencart/index.php?route=account/newsletter\" class=\"list-group-item\">...</a>"
  }, {
    "issueType" : 2,
    "issueCode" : "WCAG2AA.Principle1.Guideline1_3.1_3_1_A.G141",
    "issueTechniques" : [ "https://www.w3.org/TR/WCAG20-TECHS/G141" ],
    "issueTag" : "h5",
    "issueId" : null,
    "issueMsg" : "The heading structure is not logically nested. This h5 element should be an h2 to be properly nested.",
    "issueElement" : "<h5>...</h5>"
  }, {
    "issueType" : 3,
    "issueCode" : "WCAG2AA.Principle2.Guideline2_4.2_4_4.H77,H78,H79,H80,H81",
    "issueTechniques" : [ "https://www.w3.org/TR/WCAG20-TECHS/H77", "https://www.w3.org/TR/WCAG20-TECHS/H78", "https://www.w3.org/TR/WCAG20-TECHS/H79", "https://www.w3.org/TR/WCAG20-TECHS/H80", "https://www.w3.org/TR/WCAG20-TECHS/H81" ],
    "issueTag" : "a",
    "issueId" : null,
    "issueMsg" : "Check that the link text combined with programmatically determined link context identifies the purpose of the link.",
    "issueElement" : "<a href=\"http://10.148.0.116/opencart/index.php?route=information/information&amp;information_id=4\">...</a>"
  }, {
    "issueType" : 3,
    "issueCode" : "WCAG2AA.Principle2.Guideline2_4.2_4_4.H77,H78,H79,H80,H81",
    "issueTechniques" : [ "https://www.w3.org/TR/WCAG20-TECHS/H77", "https://www.w3.org/TR/WCAG20-TECHS/H78", "https://www.w3.org/TR/WCAG20-TECHS/H79", "https://www.w3.org/TR/WCAG20-TECHS/H80", "https://www.w3.org/TR/WCAG20-TECHS/H81" ],
    "issueTag" : "a",
    "issueId" : null,
    "issueMsg" : "Check that the link text combined with programmatically determined link context identifies the purpose of the link.",
    "issueElement" : "<a href=\"http://10.148.0.116/opencart/index.php?route=information/information&amp;information_id=6\">...</a>"
  }, {
    "issueType" : 3,
    "issueCode" : "WCAG2AA.Principle2.Guideline2_4.2_4_4.H77,H78,H79,H80,H81",
    "issueTechniques" : [ "https://www.w3.org/TR/WCAG20-TECHS/H77", "https://www.w3.org/TR/WCAG20-TECHS/H78", "https://www.w3.org/TR/WCAG20-TECHS/H79", "https://www.w3.org/TR/WCAG20-TECHS/H80", "https://www.w3.org/TR/WCAG20-TECHS/H81" ],
    "issueTag" : "a",
    "issueId" : null,
    "issueMsg" : "Check that the link text combined with programmatically determined link context identifies the purpose of the link.",
    "issueElement" : "<a href=\"http://10.148.0.116/opencart/index.php?route=information/information&amp;information_id=3\">...</a>"
  }, {
    "issueType" : 3,
    "issueCode" : "WCAG2AA.Principle2.Guideline2_4.2_4_4.H77,H78,H79,H80,H81",
    "issueTechniques" : [ "https://www.w3.org/TR/WCAG20-TECHS/H77", "https://www.w3.org/TR/WCAG20-TECHS/H78", "https://www.w3.org/TR/WCAG20-TECHS/H79", "https://www.w3.org/TR/WCAG20-TECHS/H80", "https://www.w3.org/TR/WCAG20-TECHS/H81" ],
    "issueTag" : "a",
    "issueId" : null,
    "issueMsg" : "Check that the link text combined with programmatically determined link context identifies the purpose of the link.",
    "issueElement" : "<a href=\"http://10.148.0.116/opencart/index.php?route=information/information&amp;information_id=5\">...</a>"
  }, {
    "issueType" : 3,
    "issueCode" : "WCAG2AA.Principle2.Guideline2_4.2_4_4.H77,H78,H79,H80,H81",
    "issueTechniques" : [ "https://www.w3.org/TR/WCAG20-TECHS/H77", "https://www.w3.org/TR/WCAG20-TECHS/H78", "https://www.w3.org/TR/WCAG20-TECHS/H79", "https://www.w3.org/TR/WCAG20-TECHS/H80", "https://www.w3.org/TR/WCAG20-TECHS/H81" ],
    "issueTag" : "a",
    "issueId" : null,
    "issueMsg" : "Check that the link text combined with programmatically determined link context identifies the purpose of the link.",
    "issueElement" : "<a href=\"http://10.148.0.116/opencart/index.php?route=information/contact\">...</a>"
  }, {
    "issueType" : 3,
    "issueCode" : "WCAG2AA.Principle2.Guideline2_4.2_4_4.H77,H78,H79,H80,H81",
    "issueTechniques" : [ "https://www.w3.org/TR/WCAG20-TECHS/H77", "https://www.w3.org/TR/WCAG20-TECHS/H78", "https://www.w3.org/TR/WCAG20-TECHS/H79", "https://www.w3.org/TR/WCAG20-TECHS/H80", "https://www.w3.org/TR/WCAG20-TECHS/H81" ],
    "issueTag" : "a",
    "issueId" : null,
    "issueMsg" : "Check that the link text combined with programmatically determined link context identifies the purpose of the link.",
    "issueElement" : "<a href=\"http://10.148.0.116/opencart/index.php?route=account/return/add\">...</a>"
  }, {
    "issueType" : 3,
    "issueCode" : "WCAG2AA.Principle2.Guideline2_4.2_4_4.H77,H78,H79,H80,H81",
    "issueTechniques" : [ "https://www.w3.org/TR/WCAG20-TECHS/H77", "https://www.w3.org/TR/WCAG20-TECHS/H78", "https://www.w3.org/TR/WCAG20-TECHS/H79", "https://www.w3.org/TR/WCAG20-TECHS/H80", "https://www.w3.org/TR/WCAG20-TECHS/H81" ],
    "issueTag" : "a",
    "issueId" : null,
    "issueMsg" : "Check that the link text combined with programmatically determined link context identifies the purpose of the link.",
    "issueElement" : "<a href=\"http://10.148.0.116/opencart/index.php?route=information/sitemap\">...</a>"
  }, {
    "issueType" : 3,
    "issueCode" : "WCAG2AA.Principle2.Guideline2_4.2_4_4.H77,H78,H79,H80,H81",
    "issueTechniques" : [ "https://www.w3.org/TR/WCAG20-TECHS/H77", "https://www.w3.org/TR/WCAG20-TECHS/H78", "https://www.w3.org/TR/WCAG20-TECHS/H79", "https://www.w3.org/TR/WCAG20-TECHS/H80", "https://www.w3.org/TR/WCAG20-TECHS/H81" ],
    "issueTag" : "a",
    "issueId" : null,
    "issueMsg" : "Check that the link text combined with programmatically determined link context identifies the purpose of the link.",
    "issueElement" : "<a href=\"http://10.148.0.116/opencart/index.php?route=product/manufacturer\">...</a>"
  }, {
    "issueType" : 3,
    "issueCode" : "WCAG2AA.Principle2.Guideline2_4.2_4_4.H77,H78,H79,H80,H81",
    "issueTechniques" : [ "https://www.w3.org/TR/WCAG20-TECHS/H77", "https://www.w3.org/TR/WCAG20-TECHS/H78", "https://www.w3.org/TR/WCAG20-TECHS/H79", "https://www.w3.org/TR/WCAG20-TECHS/H80", "https://www.w3.org/TR/WCAG20-TECHS/H81" ],
    "issueTag" : "a",
    "issueId" : null,
    "issueMsg" : "Check that the link text combined with programmatically determined link context identifies the purpose of the link.",
    "issueElement" : "<a href=\"http://10.148.0.116/opencart/index.php?route=account/voucher\">...</a>"
  }, {
    "issueType" : 3,
    "issueCode" : "WCAG2AA.Principle2.Guideline2_4.2_4_4.H77,H78,H79,H80,H81",
    "issueTechniques" : [ "https://www.w3.org/TR/WCAG20-TECHS/H77", "https://www.w3.org/TR/WCAG20-TECHS/H78", "https://www.w3.org/TR/WCAG20-TECHS/H79", "https://www.w3.org/TR/WCAG20-TECHS/H80", "https://www.w3.org/TR/WCAG20-TECHS/H81" ],
    "issueTag" : "a",
    "issueId" : null,
    "issueMsg" : "Check that the link text combined with programmatically determined link context identifies the purpose of the link.",
    "issueElement" : "<a href=\"http://10.148.0.116/opencart/index.php?route=affiliate/login\">...</a>"
  }, {
    "issueType" : 3,
    "issueCode" : "WCAG2AA.Principle2.Guideline2_4.2_4_4.H77,H78,H79,H80,H81",
    "issueTechniques" : [ "https://www.w3.org/TR/WCAG20-TECHS/H77", "https://www.w3.org/TR/WCAG20-TECHS/H78", "https://www.w3.org/TR/WCAG20-TECHS/H79", "https://www.w3.org/TR/WCAG20-TECHS/H80", "https://www.w3.org/TR/WCAG20-TECHS/H81" ],
    "issueTag" : "a",
    "issueId" : null,
    "issueMsg" : "Check that the link text combined with programmatically determined link context identifies the purpose of the link.",
    "issueElement" : "<a href=\"http://10.148.0.116/opencart/index.php?route=product/special\">...</a>"
  }, {
    "issueType" : 3,
    "issueCode" : "WCAG2AA.Principle2.Guideline2_4.2_4_4.H77,H78,H79,H80,H81",
    "issueTechniques" : [ "https://www.w3.org/TR/WCAG20-TECHS/H77", "https://www.w3.org/TR/WCAG20-TECHS/H78", "https://www.w3.org/TR/WCAG20-TECHS/H79", "https://www.w3.org/TR/WCAG20-TECHS/H80", "https://www.w3.org/TR/WCAG20-TECHS/H81" ],
    "issueTag" : "a",
    "issueId" : null,
    "issueMsg" : "Check that the link text combined with programmatically determined link context identifies the purpose of the link.",
    "issueElement" : "<a href=\"http://10.148.0.116/opencart/index.php?route=account/account\">...</a>"
  }, {
    "issueType" : 3,
    "issueCode" : "WCAG2AA.Principle2.Guideline2_4.2_4_4.H77,H78,H79,H80,H81",
    "issueTechniques" : [ "https://www.w3.org/TR/WCAG20-TECHS/H77", "https://www.w3.org/TR/WCAG20-TECHS/H78", "https://www.w3.org/TR/WCAG20-TECHS/H79", "https://www.w3.org/TR/WCAG20-TECHS/H80", "https://www.w3.org/TR/WCAG20-TECHS/H81" ],
    "issueTag" : "a",
    "issueId" : null,
    "issueMsg" : "Check that the link text combined with programmatically determined link context identifies the purpose of the link.",
    "issueElement" : "<a href=\"http://10.148.0.116/opencart/index.php?route=account/order\">...</a>"
  }, {
    "issueType" : 3,
    "issueCode" : "WCAG2AA.Principle2.Guideline2_4.2_4_4.H77,H78,H79,H80,H81",
    "issueTechniques" : [ "https://www.w3.org/TR/WCAG20-TECHS/H77", "https://www.w3.org/TR/WCAG20-TECHS/H78", "https://www.w3.org/TR/WCAG20-TECHS/H79", "https://www.w3.org/TR/WCAG20-TECHS/H80", "https://www.w3.org/TR/WCAG20-TECHS/H81" ],
    "issueTag" : "a",
    "issueId" : null,
    "issueMsg" : "Check that the link text combined with programmatically determined link context identifies the purpose of the link.",
    "issueElement" : "<a href=\"http://10.148.0.116/opencart/index.php?route=account/wishlist\">...</a>"
  }, {
    "issueType" : 3,
    "issueCode" : "WCAG2AA.Principle2.Guideline2_4.2_4_4.H77,H78,H79,H80,H81",
    "issueTechniques" : [ "https://www.w3.org/TR/WCAG20-TECHS/H77", "https://www.w3.org/TR/WCAG20-TECHS/H78", "https://www.w3.org/TR/WCAG20-TECHS/H79", "https://www.w3.org/TR/WCAG20-TECHS/H80", "https://www.w3.org/TR/WCAG20-TECHS/H81" ],
    "issueTag" : "a",
    "issueId" : null,
    "issueMsg" : "Check that the link text combined with programmatically determined link context identifies the purpose of the link.",
    "issueElement" : "<a href=\"http://10.148.0.116/opencart/index.php?route=account/newsletter\">...</a>"
  }, {
    "issueType" : 3,
    "issueCode" : "WCAG2AA.Principle2.Guideline2_4.2_4_4.H77,H78,H79,H80,H81",
    "issueTechniques" : [ "https://www.w3.org/TR/WCAG20-TECHS/H77", "https://www.w3.org/TR/WCAG20-TECHS/H78", "https://www.w3.org/TR/WCAG20-TECHS/H79", "https://www.w3.org/TR/WCAG20-TECHS/H80", "https://www.w3.org/TR/WCAG20-TECHS/H81" ],
    "issueTag" : "a",
    "issueId" : null,
    "issueMsg" : "Check that the link text combined with programmatically determined link context identifies the purpose of the link.",
    "issueElement" : "<a href=\"http://www.opencart.com\">...</a>"
  }, {
    "issueType" : 3,
    "issueCode" : "WCAG2AA.Principle1.Guideline1_3.1_3_2.G57",
    "issueTechniques" : [ "https://www.w3.org/TR/WCAG20-TECHS/G57" ],
    "issueTag" : "#document",
    "issueId" : null,
    "issueMsg" : "Check that the content is ordered in a meaningful sequence when linearised, such as when style sheets are disabled.",
    "issueElement" : ""
  }, {
    "issueType" : 3,
    "issueCode" : "WCAG2AA.Principle1.Guideline1_3.1_3_3.G96",
    "issueTechniques" : [ "https://www.w3.org/TR/WCAG20-TECHS/G96" ],
    "issueTag" : "#document",
    "issueId" : null,
    "issueMsg" : "Where instructions are provided for understanding the content, do not rely on sensory characteristics alone (such as shape, size or location) to describe objects.",
    "issueElement" : ""
  }, {
    "issueType" : 3,
    "issueCode" : "WCAG2AA.Principle1.Guideline1_3.1_3_4.",
    "issueTechniques" : [ ],
    "issueTag" : "#document",
    "issueId" : null,
    "issueMsg" : "Check that content does not restrict its view and operation to a single display orientation, such as portrait or landscape, unless a specific display orientation is essential.",
    "issueElement" : ""
  }, {
    "issueType" : 3,
    "issueCode" : "WCAG2AA.Principle1.Guideline1_4.1_4_1.G14,G182",
    "issueTechniques" : [ "https://www.w3.org/TR/WCAG20-TECHS/G14", "https://www.w3.org/TR/WCAG20-TECHS/G182" ],
    "issueTag" : "#document",
    "issueId" : null,
    "issueMsg" : "Check that any information conveyed using colour alone is also available in text, or through other visual cues.",
    "issueElement" : ""
  }, {
    "issueType" : 3,
    "issueCode" : "WCAG2AA.Principle1.Guideline1_4.1_4_4.G142",
    "issueTechniques" : [ "https://www.w3.org/TR/WCAG20-TECHS/G142" ],
    "issueTag" : "#document",
    "issueId" : null,
    "issueMsg" : "Check that text can be resized without assistive technology up to 200 percent without loss of content or functionality.",
    "issueElement" : ""
  }, {
    "issueType" : 3,
    "issueCode" : "WCAG2AA.Principle1.Guideline1_4.1_4_10.C32,C31,C33,C38,SCR34,G206",
    "issueTechniques" : [ "https://www.w3.org/TR/WCAG20-TECHS/C32", "https://www.w3.org/TR/WCAG20-TECHS/C31", "https://www.w3.org/TR/WCAG20-TECHS/C33", "https://www.w3.org/TR/WCAG20-TECHS/C38", "https://www.w3.org/TR/WCAG20-TECHS/SCR34", "https://www.w3.org/TR/WCAG20-TECHS/G206" ],
    "issueTag" : "#document",
    "issueId" : null,
    "issueMsg" : "Check that content can be presented without loss of information or functionality, and without requiring scrolling in two dimensions for:     Vertical scrolling content at a width equivalent to 320 CSS pixels;     Horizontal scrolling content at a height equivalent to 256 CSS pixels;     Except for parts of the content which require two-dimensional layout for usage or meaning.",
    "issueElement" : ""
  }, {
    "issueType" : 3,
    "issueCode" : "WCAG2AA.Principle1.Guideline1_4.1_4_11.G195,G207,G18,G145,G174,F78",
    "issueTechniques" : [ "https://www.w3.org/TR/WCAG20-TECHS/G195", "https://www.w3.org/TR/WCAG20-TECHS/G207", "https://www.w3.org/TR/WCAG20-TECHS/G18", "https://www.w3.org/TR/WCAG20-TECHS/G145", "https://www.w3.org/TR/WCAG20-TECHS/G174", "https://www.w3.org/TR/WCAG20-TECHS/F78" ],
    "issueTag" : "#document",
    "issueId" : null,
    "issueMsg" : "Check that the visual presentation of the following have a contrast ratio of at least 3:1 against adjacent color(s):     User Interface Components: Visual information required to identify user interface components and states, except for inactive components or where the appearance of the component is determined by the user agent and not modified by the author;     Graphical Objects: Parts of graphics required to understand the content, except when a particular presentation of graphics is essential to the information being conveyed.",
    "issueElement" : ""
  }, {
    "issueType" : 3,
    "issueCode" : "WCAG2AA.Principle1.Guideline1_4.1_4_12.C36,C35",
    "issueTechniques" : [ "https://www.w3.org/TR/WCAG20-TECHS/C36", "https://www.w3.org/TR/WCAG20-TECHS/C35" ],
    "issueTag" : "#document",
    "issueId" : null,
    "issueMsg" : "Check that no loss of content or functionality occurs by setting all of the following and by changing no other style property:              Line height (line spacing) to at least 1.5 times the font size;         Spacing following paragraphs to at least 2 times the font size;         Letter spacing (tracking) to at least 0.12 times the font size;         Word spacing to at least 0.16 times the font size.",
    "issueElement" : ""
  }, {
    "issueType" : 3,
    "issueCode" : "WCAG2AA.Principle1.Guideline1_4.1_4_13.F95",
    "issueTechniques" : [ "https://www.w3.org/TR/WCAG20-TECHS/F95" ],
    "issueTag" : "#document",
    "issueId" : null,
    "issueMsg" : "Check that where receiving and then removing pointer hover or keyboard focus triggers additional content to become visible and then hidden, the following are true:              Dismissable: A mechanism is available to dismiss the additional content without moving pointer hover or keyboard focus, unless the additional content communicates an input error or does not obscure or replace other content;         Hoverable: If pointer hover can trigger the additional content, then the pointer can be moved over the additional content without the additional content disappearing;         Persistent: The additional content remains visible until the hover or focus trigger is removed, the user dismisses it, or its information is no longer valid.",
    "issueElement" : ""
  }, {
    "issueType" : 3,
    "issueCode" : "WCAG2AA.Principle2.Guideline2_1.2_1_4.",
    "issueTechniques" : [ ],
    "issueTag" : "#document",
    "issueId" : null,
    "issueMsg" : "Check that if a keyboard shortcut is implemented in content using only letter (including upper- and lower-case letters), punctuation, number, or symbol characters, then at least one of the following is true:              Turn off: A mechanism is available to turn the shortcut off;         Remap: A mechanism is available to remap the shortcut to use one or more non-printable keyboard characters (e.g. Ctrl, Alt, etc);         Active only on focus: The keyboard shortcut for a user interface component is only active when that component has focus.     ",
    "issueElement" : ""
  }, {
    "issueType" : 3,
    "issueCode" : "WCAG2AA.Principle2.Guideline2_2.2_2_2.SCR33,SCR22,G187,G152,G186,G191",
    "issueTechniques" : [ "https://www.w3.org/TR/WCAG20-TECHS/SCR33", "https://www.w3.org/TR/WCAG20-TECHS/SCR22", "https://www.w3.org/TR/WCAG20-TECHS/G187", "https://www.w3.org/TR/WCAG20-TECHS/G152", "https://www.w3.org/TR/WCAG20-TECHS/G186", "https://www.w3.org/TR/WCAG20-TECHS/G191" ],
    "issueTag" : "#document",
    "issueId" : null,
    "issueMsg" : "If any part of the content moves, scrolls or blinks for more than 5 seconds, or auto-updates, check that there is a mechanism available to pause, stop, or hide the content.",
    "issueElement" : ""
  }, {
    "issueType" : 3,
    "issueCode" : "WCAG2AA.Principle2.Guideline2_3.2_3_1.G19,G176",
    "issueTechniques" : [ "https://www.w3.org/TR/WCAG20-TECHS/G19", "https://www.w3.org/TR/WCAG20-TECHS/G176" ],
    "issueTag" : "#document",
    "issueId" : null,
    "issueMsg" : "Check that no component of the content flashes more than three times in any 1-second period, or that the size of any flashing area is sufficiently small.",
    "issueElement" : ""
  }, {
    "issueType" : 3,
    "issueCode" : "WCAG2AA.Principle2.Guideline2_4.2_4_1.G1,G123,G124,H69",
    "issueTechniques" : [ "https://www.w3.org/TR/WCAG20-TECHS/G1", "https://www.w3.org/TR/WCAG20-TECHS/G123", "https://www.w3.org/TR/WCAG20-TECHS/G124", "https://www.w3.org/TR/WCAG20-TECHS/H69" ],
    "issueTag" : "#document",
    "issueId" : null,
    "issueMsg" : "Ensure that any common navigation elements can be bypassed; for instance, by use of skip links, header elements, or ARIA landmark roles.",
    "issueElement" : ""
  }, {
    "issueType" : 3,
    "issueCode" : "WCAG2AA.Principle2.Guideline2_4.2_4_5.G125,G64,G63,G161,G126,G185",
    "issueTechniques" : [ "https://www.w3.org/TR/WCAG20-TECHS/G125", "https://www.w3.org/TR/WCAG20-TECHS/G64", "https://www.w3.org/TR/WCAG20-TECHS/G63", "https://www.w3.org/TR/WCAG20-TECHS/G161", "https://www.w3.org/TR/WCAG20-TECHS/G126", "https://www.w3.org/TR/WCAG20-TECHS/G185" ],
    "issueTag" : "#document",
    "issueId" : null,
    "issueMsg" : "If this Web page is not part of a linear process, check that there is more than one way of locating this Web page within a set of Web pages.",
    "issueElement" : ""
  }, {
    "issueType" : 3,
    "issueCode" : "WCAG2AA.Principle2.Guideline2_4.2_4_6.G130,G131",
    "issueTechniques" : [ "https://www.w3.org/TR/WCAG20-TECHS/G130", "https://www.w3.org/TR/WCAG20-TECHS/G131" ],
    "issueTag" : "#document",
    "issueId" : null,
    "issueMsg" : "Check that headings and labels describe topic or purpose.",
    "issueElement" : ""
  }, {
    "issueType" : 3,
    "issueCode" : "WCAG2AA.Principle2.Guideline2_4.2_4_7.G149,G165,G195,C15,SCR31",
    "issueTechniques" : [ "https://www.w3.org/TR/WCAG20-TECHS/G149", "https://www.w3.org/TR/WCAG20-TECHS/G165", "https://www.w3.org/TR/WCAG20-TECHS/G195", "https://www.w3.org/TR/WCAG20-TECHS/C15", "https://www.w3.org/TR/WCAG20-TECHS/SCR31" ],
    "issueTag" : "#document",
    "issueId" : null,
    "issueMsg" : "Check that there is at least one mode of operation where the keyboard focus indicator can be visually located on user interface controls.",
    "issueElement" : ""
  }, {
    "issueType" : 3,
    "issueCode" : "WCAG2AA.Principle2.Guideline2_5.2_5_1.",
    "issueTechniques" : [ ],
    "issueTag" : "#document",
    "issueId" : null,
    "issueMsg" : "Check that all functionality that uses multipoint or path-based gestures for operation can be operated with a single pointer without a path-based gesture, unless a multipoint or path-based gesture is essential.",
    "issueElement" : ""
  }, {
    "issueType" : 3,
    "issueCode" : "WCAG2AA.Principle2.Guideline2_5.2_5_2.",
    "issueTechniques" : [ ],
    "issueTag" : "#document",
    "issueId" : null,
    "issueMsg" : "Check that for functionality that can be operated using a single pointer, at least one of the following is true:         No Down-Event: The down-event of the pointer is not used to execute any part of the function;         Abort or Undo: Completion of the function is on the up-event, and a mechanism is available to abort the function before completion or to undo the function after completion;         Up Reversal: The up-event reverses any outcome of the preceding down-event;         Essential: Completing the function on the down-event is essential.",
    "issueElement" : ""
  }, {
    "issueType" : 3,
    "issueCode" : "WCAG2AA.Principle2.Guideline2_5.2_5_3.F96",
    "issueTechniques" : [ "https://www.w3.org/TR/WCAG20-TECHS/F96" ],
    "issueTag" : "#document",
    "issueId" : null,
    "issueMsg" : "Check that for user interface components with labels that include text or images of text, the name contains the text that is presented visually.",
    "issueElement" : ""
  }, {
    "issueType" : 3,
    "issueCode" : "WCAG2AA.Principle2.Guideline2_5.2_5_4.",
    "issueTechniques" : [ ],
    "issueTag" : "#document",
    "issueId" : null,
    "issueMsg" : "Check that functionality that can be operated by device motion or user motion can also be operated by user interface components and responding to the motion can be disabled to prevent accidental actuation, except when:              Supported Interface: The motion is used to operate functionality through an accessibility supported interface;         Essential: The motion is essential for the function and doing so would invalidate the activity.     ",
    "issueElement" : ""
  }, {
    "issueType" : 3,
    "issueCode" : "WCAG2AA.Principle3.Guideline3_1.3_1_2.H58",
    "issueTechniques" : [ "https://www.w3.org/TR/WCAG20-TECHS/H58" ],
    "issueTag" : "#document",
    "issueId" : null,
    "issueMsg" : "Ensure that any change in language is marked using the lang and/or xml:lang attribute on an element, as appropriate.",
    "issueElement" : ""
  }, {
    "issueType" : 3,
    "issueCode" : "WCAG2AA.Principle3.Guideline3_2.3_2_3.G61",
    "issueTechniques" : [ "https://www.w3.org/TR/WCAG20-TECHS/G61" ],
    "issueTag" : "#document",
    "issueId" : null,
    "issueMsg" : "Check that navigational mechanisms that are repeated on multiple Web pages occur in the same relative order each time they are repeated, unless a change is initiated by the user.",
    "issueElement" : ""
  }, {
    "issueType" : 3,
    "issueCode" : "WCAG2AA.Principle3.Guideline3_2.3_2_4.G197",
    "issueTechniques" : [ "https://www.w3.org/TR/WCAG20-TECHS/G197" ],
    "issueTag" : "#document",
    "issueId" : null,
    "issueMsg" : "Check that components that have the same functionality within this Web page are identified consistently in the set of Web pages to which it belongs.",
    "issueElement" : ""
  }, {
    "issueType" : 3,
    "issueCode" : "WCAG2AA.Principle4.Guideline4_1.4_1_3.",
    "issueTechniques" : [ ],
    "issueTag" : "#document",
    "issueId" : null,
    "issueMsg" : "Check that status messages can be programmatically determined through role or properties such that they can be presented to the user by assistive technologies without receiving focus.",
    "issueElement" : ""
  } ]
}